date,meeting_date,gardner_inf,gardner_labor,gardner_out,gardner_fin,gardner_mp,gardner_total
1999-05-18,1999-05-18,,,,,,
1999-06-30,1999-06-30,,,,,,
1999-08-24,1999-08-24,0.4753263662463838,-7.416407212259693,0.04930252901265564,-34.025887305876616,,-0.3184105230857038
1999-10-05,1999-10-05,0.6109366763947803,-10.688499171506123,-2.9190277437483596,3.0624661421398516,,-0.8823370902452201
1999-11-16,1999-11-16,-1.4842005897194934,-1.4827942438702248,-3.2624455659133824,1.3235872134982265,,-3.417876782487159
1999-12-21,1999-12-21,-1.088190846847243,-1.0875409577467945,-0.34900612464632236,1.0094199235370263,,-0.5262160552041408
2000-02-02,2000-02-02,2.5822632967478008,-0.9075900846285357,-1.0543207040568752,0.85417083379011,,0.013661287815298052
2000-03-21,2000-03-21,1.6161591709097858,-0.7977208853352834,0.3858965775231443,0.7561321663012113,,1.1975108291380496
2000-05-16,2000-05-16,1.3429671606338665,-0.7212097855942255,-1.0210485428114053,0.6865768032663431,,-0.13128189503076867
2000-06-28,2000-06-28,0.07545461296979447,1.371745645659572,-3.1871285855226485,0.6337362959262193,,-2.0996914068931494
2000-08-22,2000-08-22,0.06016272075517283,1.1719973037188658,-2.608261615368787,0.5917405069257484,,-2.2260943822885997
2000-10-03,2000-10-03,1.3581733030561918,0.9977320597945165,-1.4444676454908854,0.55727518122742,,-0.7213568240569534
2000-11-15,2000-11-15,3.749474384032278,0.8975522671757775,-0.8506375122540313,0.5283019045505878,,0.8287666975408788
2000-12-19,2000-12-19,1.7768697920566576,-1.0346845978921957,-2.2179957209286556,-1.2752780237213246,,-2.4159612343395134
2001-01-31,2001-01-31,-0.5106699238554679,-0.9609965497094596,-1.3802924307660687,0.5832428310041979,,-1.98995722520918
2001-03-20,2001-03-20,-0.4560443390099955,-0.9013853802277401,-1.3234395519104756,0.5581346022975316,,-1.763649513691469
2001-05-15,2001-05-15,-1.2320086552510376,-0.85184192940053,-1.7331783104470009,0.5360541624199847,,-2.4560827063959856
2001-06-27,2001-06-27,-1.1443135969179763,-0.8097970361586468,-0.8454142952098495,0.516432773047056,,-1.3267819245564685
2001-08-21,2001-08-21,-1.0732942332064799,-0.7735175648305298,-1.448494372813393,0.4988417435407762,,-1.8593840079689403
2001-10-02,2001-10-02,-0.051840340413362655,-0.7417858311185277,-0.9072456475867067,0.482950813011753,,-0.913558989355531
2001-11-06,2001-11-06,0.01024943845510875,-0.7137175819556022,-0.9553167982244373,0.4685007583538735,,-0.935599390511196
2001-12-11,2001-12-11,-1.0667879018822999,-0.6886528888459253,-0.4530130044620202,0.4552848050878957,,-0.8215095958417628
2002-01-30,2002-01-30,0.07062032512808408,-0.666087764662978,-1.322236802169972,0.44313567488170064,,-1.24806894646593
2002-03-19,2002-03-19,-0.24592600249717858,-0.6456296723700786,0.6979306012832095,0.43191635082585167,,0.5488792128254361
2002-05-07,2002-05-07,-0.07761526210580717,-0.626967643469621,0.6767402962372226,0.4215133590596141,,0.5878095046900719
2002-06-26,2002-06-26,-0.13524095736336703,-0.6098516517604232,1.3016370774171562,0.4118317928536372,,1.1645814895460072
2002-08-13,2002-08-13,-0.06359746458956474,-0.5940780323477522,-0.42343585783382204,0.4027915679428979,,-0.45037472238255083
2002-09-24,2002-09-24,-0.16093433607041463,-0.5794789560338945,-0.0025511955209506225,0.39432456377862374,,-0.0784417637981514
2002-11-06,2002-11-06,-0.23982513397312738,-2.4365226193082505,0.05164641836833403,0.38637241269185235,,-0.33091428261918576
2002-12-10,2002-12-10,-0.03764953850374731,-0.44570461143271023,-0.44436325830190465,0.3788847699364391,,-0.4497713610788229
2003-01-29,2003-01-29,1.0867592297845252,-2.583961592196442,0.6716550460655103,0.37181794545222,,0.6152067617682665
2003-03-18,2003-03-18,-0.21982144540957727,-2.0329101849236104,0.3330017466239271,0.36513381106320375,,-0.06308089266363112
2003-05-06,2003-05-06,-3.206822505159093,-1.9177081231409245,0.9907148312389155,0.3587989197721073,,-0.3898415716098074
2003-06-25,2003-06-25,-2.479272719190868,1.177106093597008,0.9105700462015599,0.35278379007075694,,0.26665561077717803
2003-08-12,2003-08-12,-0.0038839244725352,-0.21801642566026752,1.280426029959319,0.34706231986474123,-inf,0.9279202481700375
2003-09-16,2003-09-16,0.00019802028769006898,-0.21482210087755924,0.8978150680082634,0.3416113031071417,-5.775153982429965,0.5716766865261986
2003-10-28,2003-10-28,-0.001855190324527539,-0.2117642803356837,0.8747801073260475,0.3364100284903046,-4.065388629030289,0.5604916042050272
2003-12-09,2003-12-09,-1.7722671013246005,1.5162126617156748,0.8625278330439213,0.3314399441986429,-3.409470957391006,0.20978836122058578
2004-01-28,2004-01-28,-1.6752385995381385,-0.2446728934932799,0.493334681940449,0.3266843762240151,0.3384322939678712,-0.14516570002863668
2004-03-16,2004-03-16,-1.5983583812207287,-0.2414091487691418,0.8379125679536514,0.3221282904001748,0.3336781344225642,0.21345317167764852
2004-05-04,2004-05-04,0.1444622621474851,1.5055392537369665,0.8220533909935388,0.31775809034543334,0.3291193468973902,1.3024357603904781
2004-06-30,2004-06-30,0.009876884392819928,1.1784609467895304,0.7496157341231209,0.3135614450718337,0.3247428778450471,1.0910809080319948
2004-08-10,2004-08-10,-0.012417768731984335,1.1013312240142117,0.13929367149109545,0.30952714123994907,0.32053686528339603,0.44585981509891004
2004-09-21,2004-09-21,-1.459890744208674,1.1199465367122152,0.7418464547331993,0.305644955995208,0.3164905022695579,0.44965807694753757
2004-11-10,2004-11-10,-0.682485016125739,1.1430802440286083,0.7399532895770127,0.3019055470766956,0.31259391904623757,0.7761336367365308
2004-12-14,2004-12-14,-0.6714869410970885,0.9723508322602821,0.6966730075714842,0.2983003574891329,0.3088380809115649,0.7007939523470211
2005-02-02,2005-02-02,-0.6610071328342934,1.0826806867963212,0.7139587418586373,0.2948215325080761,0.3052146993888982,0.7466505773614579
2005-03-22,2005-03-22,1.5238881035487528,0.988192707051141,0.6873265648065211,0.2914618471737173,0.3017161546945527,1.6296174132692054
2005-05-03,2005-05-03,0.7719150617745073,0.9827081496253213,0.05536579652906728,0.28821464274018166,0.2983354278416468,0.6649818932082318
2005-06-30,2005-06-30,1.5743461571387816,1.0211574351598829,0.37047789489006094,0.28507377080035307,0.29506604099435113,1.3226869054849149
2005-08-09,2005-08-09,-0.7136040978994284,0.9733050449227187,0.6917126733413731,0.28203354401301584,0.2919020049120104,0.6375723519316648
2005-09-20,2005-09-20,-0.7031417320305957,-1.7725957178133283,-1.0843953010030791,0.2790886925287623,0.2888377725071622,-1.6625545516341322
2005-11-01,2005-11-01,-2.1595149326251146,0.9591344499401512,0.37493346422264817,0.27623432535098624,0.28586819769343125,-0.276724637620257
2005-12-13,2005-12-13,-1.4176349793962537,-0.471366587945826,0.37094695383608123,0.27346589598408705,0.2829884988249414,-0.3077910114185202
2006-01-31,2006-01-31,-1.482598041470799,-0.4660885387815164,1.19584565986554,0.270779171817291,0.28019422613324496,0.4355434282492661
2006-03-28,2006-03-28,-1.3226544003955765,1.099046198546149,0.7013328726654366,0.26817020677286263,0.2774812326547865,0.3775550357333752
2006-05-10,2006-05-10,-1.261985310814431,1.0182154655854543,1.0236611947838112,0.2656353168148197,0.2748456482147521,0.6930062887115626
2006-06-29,2006-06-29,1.6823117680479518,1.0274480506699155,-0.38788124265725143,0.26317105797089313,0.27228385609434314,0.6962412408209352
2006-08-08,2006-08-08,-0.5351775296438339,-0.5151246165518646,0.32418107829438814,0.26077420656826006,0.26979247206010426,0.004063560412686307
2006-09-20,2006-09-20,-0.5293957236757366,-0.5096515688999593,0.3211788891105731,0.2584417414240476,0.26736832547757383,0.004029574687791591
2006-10-25,2006-10-25,-0.5237980299904662,-0.5043499474792096,0.9019968215508634,0.2561708277659717,0.2650084422685667,0.5681997532031534
2006-12-12,2006-12-12,-0.5183748544028794,-0.4992109630939363,1.4151853157241925,0.25395880268776916,0.26271002950293304,1.073032827708288
2007-01-31,2007-01-31,2.542333112511523,-0.4942264459708804,2.2491926247666214,0.2518031619691116,0.2604704614425669,3.3462986496068186
2007-03-21,2007-03-21,2.4957089564452963,-0.4893887906602052,0.7288057858724123,0.24970154811114598,0.258287266878501,1.7739935182914155
2007-05-09,2007-05-09,2.374492109076125,-0.4846909068170297,0.7222082351534465,0.24765173945724694,0.256158117621734,1.7254501872385877
2007-08-07,2007-08-07,1.8506742925653303,1.4662399711836782,1.4951082111869771,-6.367120960380137,0.2540808180254915,1.7981357897950683
2007-09-18,2007-09-18,0.16224517879371406,-0.4980794237885952,-0.6056438426431531,-2.191410107198336,0.2520532954313542,-0.8569281593851686
2007-10-31,2007-10-31,0.7993788267662214,-0.49347839779783925,-0.16965101436442906,-1.9216307253440652,0.25007359144443103,-0.13344069594401417
2007-12-11,2007-12-11,1.64213402604951,-0.48900294316406134,-0.1962574685839116,-2.019678871020352,0.24813985395381918,0.22449966791114778
2008-01-30,2008-01-30,0.9696707663638316,-0.48464743726697795,0.6425965371941572,-4.574424759993438,0.24625032982421358,0.2495508708390467
2008-03-18,2008-03-18,2.6660573792037785,-0.4804066043489953,0.5622272142077791,-3.242799601070418,-3.783609089815254,0.827416679785455
2008-04-30,2008-04-30,2.173292703486261,-2.320623527083935,-0.6148067564098567,-3.381591153375233,0.2732003726199282,-0.5131148421801581
2008-06-25,2008-06-25,1.9462447638597222,-0.4311496264642907,0.20304186180788983,-4.042869046310756,0.27118089737804923,0.31032276012441434
2008-08-05,2008-08-05,4.397762859297679,-0.4276758300783541,0.8163303572665626,0.41135960694221657,0.2692055971079089,3.1334876323045715
2008-09-16,2008-09-16,3.188022469158034,-0.42428485544113037,0.1910254032892078,0.40813618381388467,0.26727288299528335,2.0075797925112373
2008-10-29,2008-10-29,0.39418727953903127,-0.4209734570387472,-1.713572176072298,-2.5774137039924008,0.26538124515920253,-1.7639607904288308
2009-01-28,2009-01-28,-0.26660844694530067,-1.6960787534017387,-0.927445404413002,-2.840578865140245,-2.6993022973279204,-2.039671827199172
2009-03-18,2009-03-18,-0.2465840445356779,0.9292286873039095,-1.8599926893628254,-0.6477852703761378,0.28711853201209603,-1.5795084972749749
2009-04-29,2009-04-29,0.1712168708860488,-0.40330826755073496,-0.9197233990254776,-0.6328593356443136,0.2851435280190854,-0.8313145027408605
2009-06-24,2009-06-24,-1.1270675843772093,-0.40036319235068385,-0.9925290643271787,-0.705373592839079,0.28320876903716735,-1.626440146045012
2009-08-12,2009-08-12,-1.083858074549857,-0.39748182677949245,-0.6120786381133954,-0.6280618862337122,0.28131290531194925,-1.2661243407021774
2009-09-23,2009-09-23,-1.0553310320911258,-0.3946619029040089,0.2749796601191668,-0.5860795513590231,0.2794546496799073,-0.5322427436419365
2009-11-04,2009-11-04,-1.4137446423957238,-1.6350423325183567,0.2731911392133997,-0.5318373693860347,0.277632773882564,-0.9384114755521538
2009-12-16,2009-12-16,-1.3066078426512062,-0.36853231249768165,0.2714371001600212,0.4981358353259729,0.27584610514270624,-0.4508408804729287
2010-01-27,2010-01-27,-0.9592098784041355,-1.535895207994583,1.0517936845189129,1.4688090183159632,0.2740935229808949,0.3502698025700308
2010-03-16,2010-03-16,-1.0058140193134189,-1.6878743950925559,0.2571996755653009,1.5935554834658199,0.2723739562525743,-0.30251496860794463
2010-04-28,2010-04-28,-1.0255746838857542,-0.32221493257558287,0.9067648969160382,1.6436632381121934,0.2706863803879287,0.4539429186866482
2010-06-23,2010-06-23,-1.551557650598245,-0.3201861919370452,1.3127304958736747,0.42843994784701,0.269029814818281,0.21583551008331633
2010-08-10,2010-08-10,-1.3068317812428698,-1.5486242570321296,0.22961881649781526,-0.5866144389993224,0.2674033205743077,-0.9569136893470243
2010-09-21,2010-09-21,-1.712588903143279,-1.5640117300957848,-0.3489892703496672,-0.6193072294355154,0.26580599804266697,-1.6694686966796919
2010-11-03,2010-11-03,0.23636019092127175,-3.7854853514369315,0.23330490151678848,-0.5416003646101473,0.26423698486883146,-0.4639637375994018
2010-12-14,2010-12-14,-0.1160008146233163,-2.5062724854105554,0.23196364599355396,-0.5835749104561057,0.26269545399499084,-0.4806465591279441
2011-01-26,2011-01-26,-0.11105630548284176,-1.3123548990377962,0.2306452732778444,-0.5908939609994474,0.2611806118228568,-0.2560263362606857
2011-03-15,2011-03-15,0.2589240888395299,-0.1742645822854511,0.7918884279788151,0.46598349224003466,0.25969169649207474,0.8551920816926997
2011-04-27,2011-04-27,0.28987064486699915,-0.17331688761420933,0.8088863337950329,0.4629847802304678,0.2582279762657396,0.8846867064000283
2011-06-22,2011-06-22,0.6603865427981019,-0.17238449213659196,-0.07384748173544962,0.4600433390255199,0.25678874801522356,0.4041805898723628
2011-08-09,2011-08-09,-0.523461540172764,-1.1855495742290076,-0.5688275166648437,0.45715736574740684,0.25537333579717225,-0.8679132046204863
2011-09-21,2011-09-21,-0.8550598819047646,0.7903279657520987,-0.024180028223677527,-0.44147565045926523,0.2539810895161135,-0.4251803222870432
2011-11-02,2011-11-02,-0.883997049606411,0.887154198527331,1.5938975917644072,-0.5365433302803865,0.2526113836666528,0.8184712665612424
2011-12-13,2011-12-13,-1.297578623666038,0.9488071132754937,1.365466749932729,-0.5990864860668779,0.25126361614971715,0.41144374619682733
2012-01-25,2012-01-25,-0.8962458754178013,0.9727258531290562,1.0826261218519397,-0.6263069579344548,0.24993720715774506,0.42244939129781955
2012-03-13,2012-03-13,-0.4806988585840196,2.090377326215663,1.3515108060339647,-0.6066711394360209,0.24863159812412763,1.1144756805761806
2012-04-25,2012-04-25,0.32017378407740016,2.0116654021089646,0.743139087125045,-0.5904976267894902,0.24734625073256397,1.0893515467282466
2012-06-20,2012-06-20,-0.483054536533178,1.7396813501391328,0.41899487750652736,-0.4759749764658741,0.24608064598233545,0.3388821733833919
2012-08-01,2012-08-01,-0.8752758346760137,-1.3096139620359146,-0.4140699753717485,-0.564800601568848,0.2448342833058032,-1.2163499917834446
2012-09-13,2012-09-13,-0.11533804689097818,1.6887211899630927,0.6773435828707013,-0.4569884811015292,-2.6138206069504757,0.5475678290778138
2012-10-24,2012-10-24,0.6111407988680164,1.6732736720859938,0.6767430740438398,-0.461976851295947,-2.542545405002291,0.9634524273318322
2012-12-12,2012-12-12,-0.15891330274454862,4.803989802114159,0.8454252523449476,-0.34857911411529674,0.27795264423924965,1.5737732857136029
2013-01-30,2013-01-30,0.2127267612974125,2.200815025159905,0.8901369846130348,-0.4113238819628802,0.2765750779681601,1.277529699227354
2013-03-20,2013-03-20,0.21357855511437848,2.149762450533644,1.3860872665641863,0.5352623468350234,0.27521780771253246,1.8542280511688594
2013-05-01,2013-05-01,0.5400351905170281,3.606888619003023,1.095845510175099,0.5321472335258446,2.8608991448604213,2.3428017744316962
2013-06-19,2013-06-19,-0.15970332275517451,4.0358844889622585,0.8243932039164571,0.5290859923387294,2.6898671378047987,1.8571987473382912
2013-07-31,2013-07-31,0.8524615753816118,3.7454547601556354,0.5789606302925386,0.5260770859201682,2.5908293817250314,2.17646519917944
2013-09-18,2013-09-18,0.7480844567974838,3.2353897360068626,1.648554902344585,0.5231190377097309,0.18316948731198665,2.6110859811384195
2013-10-30,2013-10-30,0.7627336632920172,3.1358600826535885,1.4228499123630654,0.5202104288813382,0.18234441389449674,2.4051433077396713
2013-12-18,2013-12-18,-0.2208112111933296,3.8374054389351095,1.1121922166659468,0.5173498954706522,4.318070918622429,2.1766905813567785
2014-01-29,2014-01-29,-0.2127257491066763,4.201206078860619,1.3392013009135166,0.5145361256753452,2.106872361297708,2.3295041834250374
2014-03-19,2014-03-19,-1.122273311792838,1.4619606457189298,0.46233809750964866,0.5117678573160783,2.0069158332849257,0.4794187687259058
2014-04-30,2014-04-30,-0.8244442808618252,1.5244053068583594,0.47831958314198003,0.5090438754469995,2.0475637345773796,0.6589862237480598
2014-06-18,2014-06-18,-0.8214829208770239,2.004661162745019,1.1376092091858758,0.5063630101054637,2.021104510075038,1.2710293922648443
2014-07-30,2014-07-30,0.11306525871684836,1.8752676350601798,0.8754443360628112,0.5037241341914818,1.908258936336649,1.4932920255731377
2014-09-17,2014-09-17,0.09583398393449818,1.778579340933368,1.2567792127107091,0.5011261614681515,0.04442000959869255,1.5672330058905442
2014-10-29,2014-10-29,-1.153888030285964,1.9319615711554758,0.9021606927735304,0.4985680446749893,3.912750532802095,1.0889006730486002
2014-12-17,2014-12-17,-2.105864437878729,1.4124093774357793,1.110593269610632,0.4960487737467081,3.6498157743005812,0.6172262188324208
2015-01-28,2015-01-28,-0.8347281565869059,1.6652804037614102,0.7552986157062626,0.4935673741305378,3.9551948697047976,1.092142948198192
2015-03-18,2015-03-18,-1.1835789668723715,1.6114796725499743,-0.2576293909589129,0.49112290519571133,1.8075207203152472,0.03824174750489759
2015-04-29,2015-04-29,-0.8260911725312352,-0.48836600126939406,-0.26536713361270853,0.4887144587292052,1.8420344743222932,-0.48273280624624976
2015-06-17,2015-06-17,-0.8213619718530001,1.6749906119134965,0.777987813123023,0.4863411575122574,1.814269125538398,0.9474857642097034
2015-07-29,2015-07-29,-0.818205713969784,2.7422937953661277,0.7777388043176692,0.48400215397258556,1.7952665203356137,1.3071648788193122
2015-09-17,2015-09-17,-0.07765149048418563,2.515404344691007,0.2352139898485543,-0.5304404792541292,1.683874823366834,1.051082782703383
2015-10-28,2015-10-28,-0.43808762981723315,0.4805082086461307,0.7444943887676412,0.4871398120191565,1.6721819289549018,0.7076811618078382
2015-12-16,2015-12-16,-0.0877610325184274,1.386640075718254,1.4363020869826915,0.48484894380019583,1.5696655336176857,1.648432938500632
2016-01-27,2016-01-27,-0.796481505692836,2.8875939643777486,1.2110411476766638,0.48259014340986034,1.5960515505426787,1.6801500764083646
2016-03-16,2016-03-16,-0.07587440169324797,1.8134951401893848,1.6776655195005157,0.4803626687407893,1.5555938608799356,1.9648358578939011
2016-04-27,2016-04-27,-0.7884202375004432,2.238506002451951,1.403511715375015,0.47816580152984384,1.5286735074134377,1.5936060566176435
2016-06-15,2016-06-15,-0.7951722902825262,1.334756107129436,0.6845535925294082,0.47599884638137674,1.5639665086593904,0.7982621222314408
2016-07-27,2016-07-27,-0.7823242591284065,2.1997253923946514,0.1740624912135754,0.4738611298389857,1.5064579946186618,0.7676703739809821
2016-09-21,2016-09-21,-0.766382136915035,1.628687694981017,-0.07260707652083034,0.47175199950293367,1.435811823890265,0.40884348184295055
2016-11-02,2016-11-02,1.3451105907079826,1.618098774021679,0.40829584944189623,0.4696708231905997,1.4279706312102043,1.6939589244402729
2016-12-14,2016-12-14,1.4285854656007477,2.1785462310242605,0.4332733986622202,0.46761698813750585,1.5021276752068635,1.953356492246252
2017-02-01,2017-02-01,0.7145989888721463,0.8185089907290531,0.7131881452069551,0.46558990023661734,1.5439507170136637,1.3122776864147199
2017-03-15,2017-03-15,0.686793272529803,1.2451271089945233,0.9517142123662976,0.4635889833137716,1.4888795962872192,1.6001313402892288
2017-05-03,2017-05-03,-0.06472078319567305,1.7028589177089557,1.2092869634780292,0.4616136784372207,1.4786098463607682,1.5878476573807925
2017-06-14,2017-06-14,-0.8077547504684582,0.7197839249434935,0.9073648262976932,0.4596634432594082,3.0652733188777996,0.8591386566008572
2017-07-26,2017-07-26,-0.8187720042589282,1.7020895208998015,0.9446346328392998,0.45773775138921297,3.0964352505089705,1.247275223670008
2017-09-20,2017-09-20,-0.8041006233272239,1.6192694118512458,0.3995476323448375,0.45583609179300866,2.9029063260481642,0.8638365822751634
2017-11-01,2017-11-01,-0.8073561503991394,0.733292178094519,0.6705379703850289,0.45395796822298734,2.8770581185014916,0.71828070882007
2017-12-13,2017-12-13,-1.2044253190621772,1.705106118085675,0.9578530072750462,0.4521028986712922,1.2871495000481321,0.9188990596293903
2018-01-31,2018-01-31,0.42549438238799303,0.8520768061831087,1.0302818091237835,0.45027041484859204,1.3910038108991898,1.3846275913892048
2018-03-21,2018-03-21,0.39949203200407496,1.7764446163578538,0.14748375128143362,0.4484600616858162,1.3284432801575037,1.1382795770022414
2018-05-02,2018-05-02,0.000741720350142817,1.8240248517257032,0.44543935076702007,0.4466713968578404,1.3650836642161939,1.1776608034075735
2018-06-13,2018-06-13,0.611495815503509,1.7427208613636653,0.9281432224732503,0.44490399032799277,-0.33065393716742747,1.536586341018182
2018-08-01,2018-08-01,0.6310217094488102,1.7713456490587134,0.21901647165262683,0.44315742391230933,-0.3294524379162467,1.1049409665594843
2018-09-26,2018-09-26,0.11616869967429341,1.2024309666949478,0.2307652680917358,0.4414312908625369,-0.3282639514676369,0.6783364878559258
2018-11-08,2018-11-08,0.10243137365125544,1.147202177834478,-0.5168657438185831,0.43972519546693567,-0.3270882444619888,0.18343462818861012
2018-12-19,2018-12-19,0.07798881814987549,1.056482778962153,-0.49820683262849685,0.4380387526679909,-0.32592508936010817,0.15163950262514317
2019-01-30,2019-01-30,-0.4383042214169272,1.0149714960610847,-0.4892782840929971,0.43637158769619366,-0.3247742642577933,-0.08006724389637138
2019-03-20,2019-03-20,-1.920437144120075,0.96560242981811,0.19983974170210278,0.4347233357190964,-0.323635552707585,-0.3040873742947951
2019-05-01,2019-05-01,-1.9498251461724507,1.0252425894903303,0.21249176825276514,0.4330936415048988,-0.3225087435473623,-0.2946730286154873
2019-06-19,2019-06-19,-1.441700607814044,1.0637244725476118,0.22097875683086243,0.4314821590998548,-0.3213936307354768,-0.05912400797260891
2019-07-31,2019-07-31,-1.8485219046098191,0.9461149870107126,0.19766053294022617,0.42988855151883654,-0.3202900131921309,-0.3026422151924687
2019-09-18,2019-09-18,-1.8579372576247328,0.9806194741622015,0.9084449372983957,0.42831249044842495,-0.3191976946467242,0.14566023992062818
2019-10-30,2019-10-30,-1.8051019637296841,0.9424264607760777,0.538305453539419,0.4267536559619311,-0.3181164834909032,-0.0848732979360229
2019-12-11,2019-12-11,-1.86114268990066,1.0305355434231729,0.574617366128743,0.42521173624578684,-0.3170461926370637,-0.06036632400769215
2020-01-29,2020-01-29,-1.8386846252569378,1.0271603435646421,0.5735636609870401,0.42368642733677186,-0.3159866393820698,-0.05938084927752282
2020-03-03,2020-03-03,-0.32539396659082986,-0.7593664166526688,0.3653579178676334,0.42217743286957227,-0.3149376452759627,-0.18935050701197378
2020-03-15,2020-03-15,-0.9619192442900546,0.7664782526608325,0.541665791182624,1.4167605224213098,-0.31389903599544366,0.37093386221318575
2020-04-29,2020-04-29,-1.538111168063108,-0.27558195933506674,-1.6762917299481241,0.4109707975920475,-0.31287064122193053,-1.8618669524148266
2020-06-10,2020-06-10,-1.5186099111990363,-0.2763855201959311,-1.054864121911974,0.409546136635469,-0.31185229452398916,-1.4556321657716789
2020-07-29,2020-07-29,-1.475758905110427,-0.2868487867383653,-1.0274207711936711,0.4081362037696414,-0.3108438332439593,-1.4203818267704773
2020-09-16,2020-09-16,-0.6423927780245275,0.5313172618744003,-0.4102579526381064,0.40674074676898203,-0.3098450983885972,-0.3270041123926845
2020-11-05,2020-11-05,-1.4382877548561932,0.1697327887291054,-1.2912385964336788,0.40535951941794085,-0.3088559345235677,-1.392049973367066
2020-12-16,2020-12-16,-1.0312629033327343,0.6187469704732311,-1.264731142339371,0.40399228132802467,-0.3078761896716276,-1.0133946614665321
2021-01-27,2021-01-27,-1.0197722352715612,0.145762755355462,-1.2472769770293521,0.40263879776158673,-0.3069057152143482,-1.1793721381693951
2021-03-17,2021-03-17,-0.6408434852809571,1.078642330393815,-1.2438354052720781,0.4012988394620887,-0.3059443657972313,-0.6457847276808071
2021-04-28,2021-04-28,0.11813497836037162,1.0796194228218807,-0.11442061007429526,0.3999721824905556,-0.3049919992380835,0.4204060850531328
2021-06-16,2021-06-16,0.1185805306680653,1.0768435334374225,0.45116449321124846,0.3986586080679581,-0.3040484764385151,0.7771823288591734
2021-07-28,2021-07-28,0.11283586767349436,1.0438759503296131,0.441615316438665,0.3973579024232699,-0.30311366129843914,0.755993895065327
2021-09-22,2021-09-22,0.10587254585183938,1.0054004464818431,0.43028709298462114,0.39606985664696076,-0.3021874206334513,0.7309782323584529
2021-11-03,2021-11-03,-0.2663685773656646,0.8359758032830488,1.1307716778994967,0.3947942665496961,-0.3012696240949767,0.9329450072407764
2021-12-15,2021-12-15,0.10202872738369347,1.4159355975980068,0.6859094679379448,0.3935309325260259,1.3394772449044385,1.2180700796481705
2022-01-26,2022-01-26,0.13807389723884522,1.6232569161803383,0.7635145639204685,0.39227965942285603,1.490443817552535,1.37784358945478
2022-03-16,2022-03-16,1.532279697295562,1.3322736261069303,-0.13686946579045398,0.3910402564125059,-0.314233614549886,1.1555173973500454
2022-05-04,2022-05-04,1.8756540305193727,-0.31295942154874007,-0.7742563823060576,0.38981253687016226,-0.3132936284483757,0.2863321007912857
2022-06-15,2022-06-15,1.4501789017855908,-0.8292012055419558,-0.13242829461821876,0.3885963182555529,-0.3123620324526918,0.29699904606870586
2022-07-27,2022-07-27,1.5795063780895315,-0.8254284520037243,-0.4833407419192756,0.3873914219986673,-0.31143870242458843,0.1433209412770226
2022-09-21,2022-09-21,1.5618845517081024,-0.8217068186984856,-1.5355868525875735,0.38619767338936345,-0.31052351678325885,-0.515997486683887
2022-11-02,2022-11-02,2.2119632168484467,-0.8180351605011137,-0.7554215964502405,0.38501490147070433,-0.309616356437964,0.28179133985832533
2022-12-14,2022-12-14,2.1777965994391875,-0.8144123678951017,-0.7522735876646427,0.38384293893587634,-0.3087171047228186,0.28098526088679165
2023-02-01,2023-02-01,1.4177775984217786,-0.8108373655611728,-0.7859262054636337,0.3826816220285482,-0.30782564733365314,-0.09667582249965392
2023-03-22,2023-03-22,0.917450414984593,0.23795326161384975,-0.7540020311703671,0.38153079044653637,-0.30694187226687414,0.08867530148170094
2023-05-03,2023-05-03,0.5367305169279789,-0.81057037883282,0.5704408059131133,0.3803902872486464,-0.3060656697602495,0.33062266973726095
2023-06-14,2023-06-14,0.5227693221278492,-0.8070808512853018,0.8928828365098137,0.3792599587645681,-0.30519693223554506,0.5285372078427405
2023-07-26,2023-07-26,0.5307592976274219,-0.8036360801934572,0.9000269855127031,0.37813965450770765,-0.30433555424294784,0.5386886521078625
2023-09-20,2023-09-20,0.5228926218806534,-0.8002351161109696,0.8887331670841963,0.3770292270908421,-0.303481432407207,0.5294050956513533
2023-11-01,2023-11-01,0.5140017183143005,-1.8785301689876228,0.8763273121786184,0.37592853214449073,-0.3026344653754334,0.09666384460889098
2023-12-13,2023-12-13,0.49959697670853914,-1.8411478717192329,0.8576141514177457,0.37483742823789995,-0.3017945537664949,0.08703450532608258
2024-01-31,2024-01-31,0.9613165323796907,-1.8515836240578893,0.20643765306718304,0.3737557768025426,-0.30096160012195144,-0.11000613815586144
2024-03-20,2024-03-20,0.9679486485546073,-0.7543368542847396,0.20880542471289795,0.3726834420580384,-0.3001355088584755,0.32906705250290796
2024-05-01,2024-05-01,0.8356289312839651,-0.751369826746726,0.17530372545310696,0.3716202909404052,-0.2993161862217034,0.244275737589251
2024-06-12,2024-06-12,0.49985452674098346,-0.748437589856265,0.2011823741909292,0.37056619303255545,-0.2985035402414677,0.09635011691508055
2024-07-31,2024-07-31,0.4785762424104199,-0.7455394683915909,0.1930048463129372,0.36952102049695384,-0.2976974806883625,0.08148977787032455
2024-09-18,2024-09-18,0.48051485134928595,-0.7426748053449985,0.19382791188344387,0.36848464801035835,-0.29689791903159435,0.08380136062981343
2024-11-07,2024-11-07,0.07419207483772247,-0.7398429612958154,0.2115469995962556,0.3674569527005691,-0.29610476839807415,-0.10505097667955544
2024-12-18,2024-12-18,0.056938859056376294,-0.7370433138095593,0.19774165704477706,0.36643781408511106,-0.29531794353270713,-0.12167694367003658
2025-01-29,2025-01-29,0.08219256093248815,0.3965086646187747,0.21697243679285402,0.3654271140117826,-0.29453736075983994,0.36093829313462117
2025-03-19,2025-03-19,0.04501220258893668,0.3049663109691643,0.5189636499321099,0.3644247366010018,-0.2937629379458245,0.49762293918781314
2025-05-07,2025-05-07,0.5244743256707384,-0.18645658348093339,0.5578668843686472,0.36343056818988795,-0.29299459446266163,0.5605452486120451
2025-06-18,2025-06-18,0.08764675162727793,-0.7416612526579722,0.2182219207694674,0.3624444972780158,-0.2922322511526865,-0.09571889507154017
2025-07-30,2025-07-30,0.06633682695040259,-0.7389169469287745,-1.2065655932364476,0.3614664144747839,-0.2914758302942618,-1.0123492671235623
2025-09-17,2025-09-17,0.05973189231617934,-0.1896134196170325,-1.1845706495981325,0.36049621244834096,-0.29072525556844503,-0.7803107367449167
2025-10-29,2025-10-29,0.04117912328434459,-0.21160899509963566,-0.1390219438602543,0.3595337858760158,-0.2899804520265958,-0.13239688310529774
2025-12-10,2025-12-10,0.030314605377413442,-0.22422310823764582,0.18586228486821088,0.3585790313961987,-0.28924134605889396,0.06447940085855719
