,PC1,PC2,PC3,PC4,PC5
0,2.053752778285669,0.4321165952773711,-0.5391886592942198,1.6938246831954753,-1.433900726030534
1,2.005527952689964,0.5968732849093203,-0.2819529805240471,1.7359292256810654,-1.5103584073320544
2,1.8812774440998805,0.5113251181764005,-0.4012796707991185,1.8996830733330243,-1.3168096137370375
3,1.7650154742003272,0.2844597972015821,-0.24429528253166863,1.9822504580034304,-1.2514366088896987
4,1.6687745133220981,-0.2062817272677792,0.09692216632711895,1.9503796392585726,-1.2784261088396975
5,1.59800507712931,-0.13206936692845622,0.06427867730855488,1.775583286550945,-1.2997877219504455
6,1.529542554570598,-0.07243833291322849,-0.1049204920463771,1.5696440286859052,-1.2725859375849968
7,1.3380871518059052,-0.5616118576107626,0.2582849615311023,1.3230494007811853,-1.350836054177284
8,0.7822965789869408,-0.7701394034771348,0.4278730408258665,1.0609891172070234,-1.2980061118309485
9,0.42678085172432145,-0.807470805600274,0.06951689836591221,0.7111353128506437,-1.185163866294597
10,0.26741067523926343,-0.3429807832808833,-0.2826268747318392,0.5011155540071246,-1.095849726512559
11,0.14417448275174075,-0.39704603295809937,-0.0924609364689456,0.4393669101603821,-1.0407356118705957
12,0.05438348920234333,-0.6132716902782841,-0.14614128030710996,0.5030107859263913,-0.8774581783985321
13,-0.14836344154188627,-1.8432310362684239,-0.10730082470470069,0.6212021189282079,-0.7329254416135762
14,-1.501061470248121,-4.348789885341919,2.627127693282384,0.5055385022047824,-1.0355013913006301
15,-1.8652144175447025,-3.486959639932181,1.0391231998908974,0.6358380542605817,-0.28058410615671353
16,-1.9092105881952615,-2.587842072970986,0.19215004230218,0.8212138687083806,0.06983668023878589
17,-2.138777523018652,-2.3221703419411854,0.638062121102709,1.041917839383205,0.23733796897892448
18,-2.160942606976947,-1.727899847420911,0.7585822865073398,0.8869331878247864,0.16411560099176556
19,-2.3340121946871277,-0.8520160563908298,0.6047886916911138,0.9695877575827012,0.35703604363812974
20,-2.4157456097681407,-0.1738037568182737,0.6900389130572556,0.9176304937322038,0.3533764465085017
21,-2.4174537837653784,-0.10843967674245356,0.5712035707170375,0.8707534914283206,0.39864418396502455
22,-2.2412018625512404,-0.42536452499454613,1.1563479815076585,0.44137869416657344,0.05974539002969187
23,-1.9870894770983099,-0.02352200156931906,0.6765823502793664,0.44997684138512706,0.10154548991320056
24,-1.9761353206210095,-0.07135799886981559,1.0079533909380154,0.2582647411046869,-0.0641655884928258
25,-1.8792139435570652,0.47968386598813173,0.8432703332377208,0.21070774782881435,-0.07024558476403318
26,-1.9752097177898154,0.20413061807178662,0.9704779658638085,0.31171900809898634,0.02748286218152529
27,-1.9845229846270291,-0.4797035861495534,0.983108573307231,0.28011344396393917,-0.04133882126234175
28,-2.029983077261344,-0.08833030533558044,0.6895369362470316,0.3076108058032698,0.11723125265798345
29,-2.0971639812348712,-0.07779901386054522,0.6339041648913705,0.3622314043230303,0.1800889145258141
30,-2.22028321487346,0.17588847112299894,0.4811139046198212,0.4427673158080127,0.3820247160511989
31,-2.110923316563215,0.4499661002565528,0.3134513439924899,0.42624898221309865,0.30270226423126306
33,-2.3714088716024926,0.11476705775695223,0.49717989808194535,0.65683691978086,0.25177010163087077
34,-2.1921116964793774,0.45884670559693486,-0.3353119008414984,0.5426192388837457,0.36581947905768303
35,-2.2296086080106283,0.38266630593075407,0.14970393672518686,0.47131366995885154,0.28666703516666775
36,-2.367483346700226,-0.9827410676199568,1.284597155173688,0.23560297531532567,-0.0437984420728049
37,-2.2733184883709963,-1.3075367312170434,1.3773551468207241,0.09924181985577137,-0.16836912123386705
38,-2.1849342575601045,-0.9801084914409881,1.0961623416010735,0.01639416514021739,-0.11142423266759617
39,-1.9613979382624036,-0.1528180867439644,0.7609734443864249,-0.09497266766505695,-0.24053885579623013
40,-1.9143967754705786,0.4700352718941988,0.29209931615512214,-0.060333538428226335,-0.1377649970589937
41,-1.610493461121988,0.4134474477655,-0.22841591373947212,-0.16679272214400997,-0.1759438504763351
42,-1.624355872114522,0.43515427103701537,0.014792492364152619,-0.16202331800723788,-0.2572495476460142
43,-1.6264746540545212,0.26396908235570365,-0.11666108298300791,-0.05282459477137436,-0.13666033381935994
44,-1.6749825496875919,0.08057921711672945,-0.06261481973732382,-0.09713924800065665,-0.11381247201142328
45,-1.6413832372810426,0.6119021330019957,-0.23970726374774437,-0.12594336150821364,-0.09138314426570202
46,-1.6282261024772742,0.21009315282366256,-0.11863660230207577,-0.1505924032663306,-0.18673248429088954
47,-1.641503387803762,0.5860367813720999,-0.20077137257642214,-0.11699879386300767,-0.11889314861053522
48,-1.7192725833299678,0.5593655585211073,-0.5172281014740032,0.03282935173433332,0.08132447556183721
49,-1.7175784550050812,0.7373430931410915,-0.6709891225930983,0.06073298193921074,0.11404832112040376
50,-1.714153697630387,0.7555837048419926,-0.4596820344827394,0.09228997406233978,0.0850156616802325
51,-1.7428567203384362,0.48124295297744646,-0.4544819360447902,0.23456912331939594,0.15746950747063304
52,-1.7437123241771464,0.6013673927711239,-0.7783133499735814,0.04865141671375531,0.3259761179400513
53,-1.6623075194498755,0.8186354844426239,-0.584574169009275,-0.1691085621947831,0.09998268330613377
54,-1.6546701794934136,0.7812387822331867,-0.642212552062214,-0.18634567101356814,0.10006173427798569
55,-1.6436961085763477,0.713404160571933,-0.7404438745103029,-0.2946767807030887,0.108452427604408
56,-1.7229701561552249,0.2344452119834751,-0.8367893336006799,-0.30853607874918754,0.1343657552031772
57,-1.7070918085200126,0.8823920215226747,-0.5555317124002539,-0.43471088490144355,0.01605866882563013
58,-1.6557627606217418,0.8338446070316288,-0.7637524908396391,-0.5789740671965455,0.01898289650034009
59,-1.5191297658418323,1.0854590288511006,-0.9878202837320434,-0.6584684283105726,-0.0747937972588406
60,-1.4530027648076258,0.9209345518636544,-0.7863700595337146,-0.7270349015668437,-0.16585869909087142
61,-1.4053194358056393,0.848596164551977,-0.9015700177155734,-0.759487259670955,-0.15613774750965345
62,-1.4068123233909766,0.6649485608657361,-0.7992311811208584,-0.7623852301453747,-0.20800887481909405
63,-1.30087192534106,0.306266956607849,-0.5015037450149565,-0.7556337447818711,-0.2837090092585801
64,-1.3027463224680833,0.10976374542978366,-0.5990951049558931,-0.6665472105262565,-0.21555530850203902
65,-1.1748296042148356,0.745191914818598,-0.9575750779749156,-0.5032562878515062,-0.09866037080005101
66,-1.141761223897229,0.7858758082271866,-0.9952612433050348,-0.43656707311527704,-0.07034262296326164
67,-1.1772757264016989,0.6537170627422476,-1.0104319993433972,-0.3137227966616448,-0.010472412445242925
68,-1.0519689971740127,0.9940743628870521,-0.9823817851182076,-0.371908779282841,-0.12086798129751153
69,-1.0279804811601558,0.09064267719052388,-0.5338778267636419,-0.2760353144383836,-0.13181078729075202
70,-0.882331986352041,0.5667381184872957,-0.9696809725510185,-0.2610943693418974,-0.05851336002937857
71,-0.6709150853743,0.23144777058363641,-0.7164760747497405,-0.14588744697021502,-0.13490444874136118
72,-0.6946752207470849,-0.04195851066458663,-0.19798236020658033,-0.10789515608814687,-0.23636464061345153
73,-0.5140179897518745,0.42597981818411307,-0.8257555193709101,-0.17870361830198414,-0.15124477322296206
74,-0.5476278008758138,0.6183530270338763,-0.7777658587908067,-0.1463434222020183,-0.11170564118928306
75,-0.5612645754351956,0.19984474377758613,-0.3837752853666116,-0.18811729937758756,-0.25858552801037915
76,-0.468106412405479,0.74346978465396,-0.7822962202249134,-0.19457529150924402,-0.1618401894582194
77,-0.479120461948709,0.659023212998606,-0.8144276280957465,-0.1754325864813342,-0.08900809049594069
78,-0.4712012395822627,0.10086317741270155,-0.40023613463532925,-0.2702961770943689,-0.1716717242164478
79,-0.2377022552143021,0.8255292754047441,-0.6411782336494368,-0.299279001834019,-0.27584124898347717
80,-0.3123187899561985,0.787563752909932,-0.9347237233889375,-0.056593556146966914,0.009702993970803316
81,-0.1421729890148033,0.8066600967479172,-0.8132927302627737,-0.14326493268928572,-0.12560698228475023
82,-0.1470488186499956,0.9224098691160203,-1.0024658335477175,0.0410437375017786,0.009480006564440006
83,-0.003475164733660083,0.965277098138146,-0.9644044912545627,0.020663611790950276,-0.0891220683634152
84,-0.011799873470632192,0.9362356726116577,-1.1425001295968114,0.15973231595196596,0.03840286726178018
85,-0.02837461335599874,1.070353822526842,-1.0357238655485723,0.18534552478084665,0.07157433548171575
86,0.06736238954918577,1.0451596834017582,-1.0079029590746187,0.0907610283591191,0.020194603241677496
87,0.1932961890594312,1.0183356949496314,-1.0009567441449432,0.08867431616859091,-0.04003315090445691
88,0.21630277935187422,0.5804734001122439,-0.9312013950271186,0.14994155983190263,0.023752665811802236
89,0.3105638460223771,0.3268408202602887,-0.4621507806786704,0.03924959547773443,-0.1885031335304821
90,0.48378067290598137,0.3615420048335191,-0.5649729454813749,0.05876622701393014,-0.1437710213284765
91,0.6239225339095195,0.7482293710020197,-0.7003108779977785,0.08347035034664783,-0.20277588468111216
92,0.7093682595777705,0.7485480135292807,-0.5538088390475175,0.05119329987628149,-0.15467036517250424
93,0.8261686534993727,0.6538435513493916,-0.6654938897299078,0.09629155261055529,-0.15645864283192548
94,0.8379025727008576,0.3562604280432497,-0.5075411625856785,0.19317778160651555,-0.1301311522823431
95,0.7112324175314554,-0.393246015091664,-0.04651518937627339,0.30466825972523914,-0.1549428213932354
96,0.8182323180745058,0.14797866419554118,-0.5501947077477894,0.39147881977631493,0.005763641030978211
97,0.8568440827341679,0.5684704380279509,-0.7455686823399471,0.4159208344807672,0.08845394452814714
98,0.7684667792626195,0.5751735688732725,-0.711570470514685,0.5097222517726919,0.18954888365021225
99,0.8311582469715415,0.6111874461308267,-0.7646678656822942,0.4372998484381578,0.11903236971072162
100,0.8540900681939446,0.2784445655714351,-0.6992040213693521,0.2700946438889513,0.11764326533475827
101,0.7810649243888369,0.43779980463833534,-0.8734868928428094,0.19363585604817427,0.16613418440685368
102,0.7209737626097168,0.41924864976728415,-1.1414275120666413,-0.05875131195724824,0.18271160131246536
103,0.5076248271087425,0.4248051957255114,-0.9345140946820399,0.021365459547914974,0.2353672215316794
104,0.5463909296264757,0.3286163443643549,-0.7262882930677328,-0.053696215963600344,0.15028239952317296
105,0.0476684374821369,-2.944037595064837,-0.8769991790280495,-0.37490045343946254,0.39950964035798814
106,-0.2905207732057766,-4.620022783467869,0.34976873040632406,-0.40647573925045677,0.17768645951097167
107,-0.21598109343550673,-8.069478036164861,-5.768866376188624,-0.39905236113632037,2.1619585364297014
108,-2.65577713271056,2.1973644268458226,4.262522372369345,0.8737962473912001,1.6283676869267314
109,-2.1928857705955167,1.0243699075952375,2.219371406459684,0.6754142902769001,1.6925024888771956
110,-1.6454404021436204,-0.06313676818957947,1.0416165356313818,0.25039313558545084,0.814500106530269
111,-1.325238734501201,-0.3052104460077948,1.0821007870347268,-0.20962191596724175,0.8316023827401176
112,-1.1299557634782385,0.2950029895150424,0.5275304212318354,-0.2477719585363934,0.7132422467021559
113,-1.4337257177789722,-0.7774947331289707,1.4160081474108905,-0.15490960470770967,0.6319701572738213
114,-1.051587691306905,1.2351430102390952,0.8249989949006677,-0.8466908835620863,0.31829630770503786
115,-0.7923771626286278,0.4149669046711728,0.04076510665508546,-1.1801567532205626,0.3183111407650554
116,-0.46987466050839316,0.3532497443230994,0.3141576998108038,-1.5747112197868225,0.0667125602434018
117,-0.39689296398453944,0.47449848053892707,0.5735826562482391,-1.7199817789898093,-0.08292464882986336
118,-0.027247195237025672,-0.13964044919542123,0.41082447530848504,-2.064843490871009,-0.23678096705101812
119,0.37835971039675187,0.5633247698702996,0.4050074895382046,-2.466762766415208,-0.5186012307760925
120,0.6622392141692359,-0.00797589112203318,0.4311622208630137,-2.467267789222957,-0.7014526867563106
121,0.8797220436902232,-1.1768718651203862,1.1986302012700136,-2.4531809135813285,-1.0119417891012434
122,1.3829441347986826,-0.653590704595947,1.229865836563573,-2.728820089641584,-1.1542642104936853
123,1.4284611482974225,-0.795038906915108,0.6518830409603327,-2.1131923077946784,-0.6880429685915452
124,1.5168332513677762,-1.0579914189821404,0.9582898522655019,-1.8337876986333619,-0.6920194002707396
125,2.0037479104541753,-0.3792943410976991,0.8113969262041101,-1.4900039821198934,-0.7073417627217296
126,2.2515689075167353,-0.8799668814347987,1.1632394436180895,-1.3440324581462277,-0.6974045848934353
127,3.049905569964518,-1.0018857212476997,0.9821249210457047,-0.9748337375842748,-0.629048731786312
128,3.0892923512708195,-0.5324020972872535,0.7243277966813095,-0.6394464704884385,-0.4068759709347782
129,3.275460080867136,-0.21926334949393153,0.4293375391264522,-0.297987476053174,-0.1853294811644477
130,3.4065424748779387,-0.6204536086794915,0.8657462994572716,-0.4722417019139479,-0.40430429160213344
131,3.6671031737935844,-0.2150878371064745,0.7093562320059702,-0.29973356944213797,-0.3336404114626977
132,3.602498386597948,0.08149825550125973,0.33970017807781094,-0.13832422200174505,-0.10852035728429472
133,3.7502076114400023,0.3183622103742654,0.538109312944676,-0.27669436267972,-0.2881417742517151
134,3.489627052835279,0.197565522397468,0.4429144628041375,0.2300633565667077,0.13668252098962855
135,3.4659296915362785,0.15565693083890073,0.573896053564048,0.25629857254988103,0.3151164202623683
136,3.441654970656667,0.4617240988510131,0.09407447806448799,0.3833444521513551,0.4993987291863878
137,3.2833918093388323,-0.004538583528491764,-0.18250156837029924,0.5797274086155525,0.8023031534991331
138,3.1304410993605125,0.48430929874594164,-0.012599669971145968,0.751676089206463,0.8946635061383066
139,3.177824538520995,0.40016438767475365,0.23291026979599208,0.6698930432821574,0.8401210831820979
140,3.2163208190296015,0.5084990715925672,-0.01992870876048598,0.6522711099821927,0.9142772530756865
141,3.2716815261160113,0.06528469535751324,0.2943638283076576,0.5122037395754321,0.8605107883853241
142,2.9901098902628687,0.008277835394460071,0.3392646195630198,0.6209839737342386,1.0164299711168485
143,2.992057959549565,0.3210966207889009,0.26543822062664363,0.17224958202267046,1.0006837480901336
144,2.7636917699746744,-0.5225736500464201,1.1867994169811673,0.07509591017825601,0.8108396389480345
145,2.6860482491139894,0.0873092259116445,0.09289941304988476,0.21817845113345283,1.2087334038218458
146,2.6355931094276768,0.09696255829999628,0.5040760706258378,0.22863240260434786,1.19092847857845
147,2.7022941949427235,-0.40843155555196886,0.6874092136720008,0.08935274352771781,1.1467165460633952
148,2.707001106454994,-0.0358120736212244,0.5266657801928805,0.1306870476336574,1.1988338792989297
149,2.848306965002326,0.3602738910405498,0.27903208118399087,0.04113030129299664,1.2435513496550314
150,2.840209428168974,0.1899384729703477,0.286485321138873,-0.08428286391167358,1.2340860488393857
151,2.7997411525340765,-0.0014443685343926884,0.33988212402861495,-0.30449778230213553,1.1820190911163388
152,2.7657619842072294,0.2587670368535321,0.49866192912958435,-0.537409687276811,1.0614709970015472
