t,coef_sent_total,ci_lo_sent_total,ci_hi_sent_total
28,0.014478360009987548,-0.01123988198389126,0.04019660200386636
29,0.015051016743122772,-0.01204646214227837,0.042148495628523915
30,0.016554405288980348,-0.020909348248843218,0.054018158826803914
31,0.006138506462455708,-0.02517198578737251,0.037448998712283924
32,0.004294379774571214,-0.025237285047850347,0.033826044596992774
33,0.003124039350940022,-0.026650643573848987,0.03289872227572903
34,0.0005882490782870842,-0.021353543253597663,0.02253004141017183
35,0.0017006044370731777,-0.02019648829025393,0.023597697164400286
36,-4.624595439370327e-05,-0.026127452341942192,0.026034960433154786
37,-0.009064324732308945,-0.027990381739749236,0.009861732275131346
38,-0.008655814659403575,-0.028025755179022494,0.010714125860215345
39,-0.002402651818255476,-0.01806564127720766,0.013260337640696708
40,0.003105895525104367,-0.0055061032375309255,0.01171789428773966
41,0.002438187967097827,-0.0058024406548885295,0.010678816589084183
42,-8.331707107563091e-05,-0.00615542909458251,0.005988794952431248
43,-6.322004239715795e-05,-0.006766304204602809,0.0066398641198084935
44,-0.0016465314284873633,-0.013341463644233113,0.010048400787258386
45,-0.0014177401933678502,-0.013271380517906387,0.010435900131170687
46,-0.0065944598040619876,-0.019938399823456736,0.006749480215332759
47,-0.004933824592442702,-0.0172167601414485,0.007349110956563095
48,-0.006013886696616164,-0.017008308068890757,0.00498053467565843
49,-0.0036839619339147055,-0.018792684147080477,0.011424760279251064
50,0.0015955640438677782,-0.00824659736750833,0.011437725455243887
51,0.0007099338485909157,-0.009673524988618502,0.011093392685800334
52,0.0008243020010840624,-0.007038929065882604,0.008687533068050729
53,-0.0028507673011417684,-0.011792029270231952,0.0060904946679484154
54,-0.000829698107191211,-0.011202617812610286,0.009543221598227864
55,-0.00041356880662338225,-0.010969752938726542,0.010142615325479777
56,-0.0007344255062864957,-0.013107795804531131,0.01163894479195814
57,-0.0008026173915957613,-0.012483728712039656,0.010878493928848133
58,-0.0011891293233232542,-0.011370834619283789,0.00899257597263728
59,7.323479809191735e-05,-0.014497886790235948,0.014644356386419782
60,-0.0005166152108903171,-0.01442217326699306,0.013388942845212425
61,0.000167042512182497,-0.011370303348002127,0.011704388372367121
62,-0.0024128399056058403,-0.012855558528363,0.00802987871715132
63,-0.002653164102268922,-0.011550177066270637,0.0062438488617327925
64,-0.003018635751655438,-0.01228793285639133,0.006250661353080455
65,-0.001113278883967516,-0.010147479538530867,0.007920921770595835
66,-0.00026263837645534166,-0.009417854362374667,0.008892577609463983
67,0.0010451549850054517,-0.009279606073072473,0.011369916043083376
68,0.00106819967606675,-0.009257629104327293,0.011394028456460793
69,0.0012295256964292428,-0.008167807818288304,0.01062685921114679
70,0.001662594522415399,-0.01104830081880504,0.014373489863635838
71,0.0017891789549937392,-0.0056089543161818595,0.009187312226169338
72,0.0038609844864784665,-0.00738893651150657,0.015110905484463503
73,-0.0003263603838894735,-0.013081073819723623,0.012428353051944676
74,-0.0019880389770952217,-0.01912261812936896,0.015146540175178518
75,0.0005732084537710992,-0.013098091144503223,0.014244508052045421
76,0.0013274135533009497,-0.014865853027247116,0.017520680133849015
77,0.002786930763325795,-0.012616014872838725,0.018189876399490316
78,-0.0003486934770918215,-0.018440017919114586,0.017742630964930943
79,0.0024228526137013845,-0.015412223931774056,0.020257929159176825
80,0.0008115496086911062,-0.023817147268466538,0.02544024648584875
81,0.001904953026289475,-0.016890637371293205,0.020700543423872154
82,-0.0006682819344282272,-0.02211920894221836,0.020782645073361902
83,-0.0008937289105852182,-0.021419881805554066,0.01963242398438363
84,-0.0017375226160153447,-0.02343060663136664,0.01995556139933595
85,-0.0038245751057680907,-0.02338480399288332,0.015735653781347135
86,-0.004482800005169582,-0.02389917882896447,0.014933578818625306
87,-0.003872453929831111,-0.028257447954011167,0.02051254009434894
88,-0.004153477774846444,-0.028014957301211733,0.019708001751518846
89,-0.004799880097789373,-0.030440397922900035,0.02084063772732129
90,-0.009129535673253086,-0.03512334241440247,0.016864271067896296
91,-0.005809474586000479,-0.03161420844381717,0.01999525927181621
92,-0.0035783790907837586,-0.024314954094518944,0.017158195912951427
93,-0.006139387567021766,-0.02997842715959739,0.017699652025553857
94,-0.006076841793117793,-0.030303882302805427,0.01815019871656984
95,-0.006329193665443895,-0.028292249560211806,0.015633862229324016
97,-0.005326395065582055,-0.040143384958334236,0.02949059482717013
98,0.008379875082822296,-0.01950708611153192,0.036266836277176515
99,0.008859083941691095,-0.019661740164637412,0.0373799080480196
100,0.017739667218803823,0.0013772822886618033,0.03410205214894584
101,0.013787370951452013,0.0023106009653102444,0.02526414093759378
102,0.009933258998000283,-0.004803358590078997,0.024669876586079564
103,0.00839417453318585,-0.011716402684147257,0.028504751750518958
104,0.00818670454013827,-0.010151438219652892,0.026524847299929433
105,0.012195937853224165,-0.0034990820438374967,0.027890957750285827
106,0.012829017695497186,-0.004353091810902057,0.03001112720189643
107,0.010538926532098508,-0.004362417351099816,0.025440270415296833
108,0.007845899993127278,-0.004723063883893829,0.020414863870148386
109,0.005547535502192204,-0.007896516833393792,0.018991587837778198
110,0.0010528557170517254,-0.013250827707713008,0.015356539141816459
111,0.0006845678797342478,-0.013934325400293998,0.015303461159762494
112,0.0029058925740372485,-0.010633061738809842,0.01644484688688434
113,0.0024810235084287875,-0.011144344475810234,0.016106391492667807
114,0.0018065029434183866,-0.008470748209578636,0.012083754096415409
115,0.0018865192534621884,-0.00838774472757096,0.012160783234495336
116,0.0020202285678593834,-0.00772587459677726,0.011766331732496027
117,0.0007310625253268456,-0.007794638474889088,0.009256763525542779
118,-0.0028829930647958305,-0.01395040377534717,0.00818441764575551
119,-0.004484953186613225,-0.015809656917537735,0.006839750544311286
120,0.0012356871818745493,-0.022152892922116807,0.024624267285865906
121,-0.0017977968868235217,-0.030334591954985276,0.026738998181338233
122,-0.004448935161622446,-0.03574113876853975,0.02684326844529486
123,-0.0028731079821141536,-0.03617704664508915,0.030430830680860846
124,-0.0055636571051390915,-0.03650432556469668,0.0253770113544185
125,-0.006923128297297333,-0.03885993623875388,0.025013679644159216
126,-0.00990760520765573,-0.039787871237374844,0.019972660822063386
127,-0.00725781229840489,-0.03819693468478021,0.02368131008797043
128,-0.003529275245390706,-0.0328545055917742,0.025795955100992786
129,-0.0037294656499298334,-0.03326954483484876,0.025810613534989087
130,-0.008353455621574433,-0.035469127170488945,0.01876221592734008
131,-0.007917313291712913,-0.03573743213739049,0.01990280555396466
132,-0.0049127575388292835,-0.03890771506801571,0.02908219999035714
133,-0.006645443308066788,-0.04122610038988552,0.027935213773751945
134,0.005830961707431782,-0.01975935088223063,0.031421274297094196
135,0.009371367385133923,-0.017454383684357706,0.03619711845462555
136,0.023014547446992384,-0.0064179340157416685,0.05244702890972644
137,0.012582349304799012,-0.023770582360204934,0.04893528096980296
138,-0.001535088878056437,-0.0261520074759693,0.023081829719856426
139,-0.002323951851881209,-0.02131033489959161,0.01666243119582919
140,0.001569841739439852,-0.01569715142359758,0.018836834902477284
141,0.005608357207754971,-0.00355405292831122,0.014770767343821161
142,0.005706007530970121,-0.004628991089294789,0.01604100615123503
143,0.0034762971741011048,-0.011798887197128105,0.018751481545330316
144,0.0026143832035758034,-0.012762107084291634,0.01799087349144324
145,0.0019775143297714043,-0.014791186284544056,0.018746214944086865
146,-0.00045017188623119875,-0.018574779930569454,0.017674436158107057
147,-0.0010933561923679655,-0.020570572985350456,0.018383860600614525
148,-0.009994214148368454,-0.030820312707659465,0.010831884410922556
149,-0.005463423466968483,-0.022694905513545485,0.011768058579608519
150,-0.0019188199383635921,-0.01626748298284631,0.012429843106119127
151,0.0006347298964470716,-0.013051000084150118,0.01432045987704426
152,-0.0044610671065398585,-0.014373246316329264,0.005451112103249548
153,-0.0058000920457617075,-0.016707212845999606,0.005107028754476192
154,0.00025368193610310515,-0.007012191640624955,0.007519555512831165
155,-0.0007258508157228574,-0.006891632184801101,0.005439930553355386
156,0.001871433291390591,-0.002931832977087403,0.006674699559868585
157,0.000733444923070762,-0.0076832177481755345,0.009150107594317058
158,0.00017845337792073146,-0.007953784653974635,0.008310691409816098
159,0.0012203808250316056,-0.008711511731442464,0.011152273381505675
160,0.0008255380976247492,-0.007810978557881263,0.009462054753130762
161,0.002605355528585887,-0.005354035965961309,0.010564747023133083
162,0.002937267059194504,-0.0024524199918230264,0.008326954110212035
163,0.002559146321522425,-0.0023076702655076544,0.007425962908552504
164,0.000535940139578174,-0.003042437599759593,0.004114317878915941
165,0.00019416901611191834,-0.007099819654694295,0.007488157686918131
166,0.0003467971421553667,-0.007571007563579401,0.008264601847890135
167,0.00037257977146164245,-0.007671737677301635,0.00841689722022492
168,-0.0005013234313481288,-0.008298193304048775,0.007295546441352516
169,-0.00732969608370581,-0.030724878196067968,0.01606548602865635
170,-0.006899742859218606,-0.030805128824333183,0.01700564310589597
171,-0.006517079962000849,-0.032446355160402694,0.019412195236400996
172,-0.008358394730644807,-0.03365791469169423,0.01694112523040461
173,-0.00042342009528741065,-0.039677101910070386,0.038830261719495565
174,0.00191982590687792,-0.03790766842186731,0.04174732023562315
175,0.0049925076005738755,-0.03567759453668847,0.04566260973783622
176,-0.0004669260195794417,-0.040967707270780036,0.04003385523162115
177,-0.004645606244024242,-0.05428611605887244,0.04499490357082395
178,-0.03168443386205627,-0.08008283832275909,0.016713970598646537
179,-0.036319644214022395,-0.07875609576117906,0.006116807333134279
180,-0.031887905668768035,-0.07269945969562884,0.00892364835809277
181,-0.03091922429102653,-0.0762804649642301,0.014442016382177035
182,-0.02834308000071395,-0.07464740233036013,0.017961242328932224
183,-0.03907272455302309,-0.08117466702559212,0.00302921791954594
184,-0.050055330738774696,-0.08939807116565465,-0.01071259031189474
185,-0.06023195223402762,-0.09653513988253308,-0.023928764585522164
186,-0.060855169385650366,-0.09613046253045943,-0.0255798762408413
187,-0.05146590976052609,-0.10084903967146498,-0.002082779849587199
188,-0.050138979485261345,-0.1034642349172781,0.0031862759467554194
189,-0.038999037581547276,-0.09691421798808275,0.0189161428249882
190,-0.03329019811557108,-0.09112099396183582,0.024540597730693656
191,-0.03396695901291027,-0.0876959064301876,0.019761988404367062
192,0.0012124156678018395,-0.0900927444384467,0.09251757577405037
193,0.0029676123494641223,-0.061081584444547476,0.06701680914347571
194,-0.010812618022011188,-0.0808456429586307,0.05922040691460833
195,-0.01235120737307581,-0.07356947155187243,0.04886705680572081
196,0.013393957493289407,-0.03113477310583048,0.057922688092409295
197,0.010640730115574745,-0.027389705230497455,0.048671165461646945
198,0.011232149213043593,-0.029071588831353294,0.05153588725744048
199,0.012374428255502501,-0.026908333950584944,0.051657190461589945
200,0.013659117945514068,-0.03334787981612781,0.060666115707155945
201,0.014922845497065115,-0.029823647420021776,0.05966933841415201
202,0.02002669425263079,-0.02639016355920238,0.06644355206446395
203,0.009698188754469067,-0.024911040547198567,0.0443074180561367
204,0.006015738128874695,-0.019684885354058733,0.03171636161180812
205,0.009169891334075878,-0.02691053542476205,0.045250318092913806
206,0.001684526606093556,-0.016533815286633873,0.019902868498820985
207,0.0010332058897591923,-0.02119696520428186,0.023263376983800245
208,0.0033755240388404495,-0.024976642877333848,0.03172769095501475
209,-0.00017924193734242255,-0.017312159624111517,0.01695367574942667
210,-0.0006298530411724401,-0.015555618603472742,0.014295912521127862
211,0.0009500912053023169,-0.013781514862739576,0.01568169727334421
212,0.0011105916226416268,-0.015729886693280837,0.01795106993856409
213,0.0022338981690388227,-0.021290517935313412,0.025758314273391057
214,0.003948798706673307,-0.012875199803808673,0.020772797217155286
215,0.005566909606293469,-0.011652680219188107,0.022786499431775045
