,inter_sent_economic_activity_x_gdp,inter_sent_financial_conditions_x_vix,inter_sent_labor_market_x_unemployment_gap,inter_sent_monetary_policy_x_implied_ffr,inter_sent_inflation_x_inflation_dev_from_target,inter_sent_macro_x_cfnai
0,10602.422570360013,-43.64902115647102,-0.7706385361543437,-17.636400726582544,-0.9352602851450585,-0.3609785752263058
1,-14321.579069437335,-43.16301383231349,0.7010513966927644,-5.913379620959727,-0.6624693724048897,-0.034521848694213694
2,-17045.75419742995,-22.419186175321855,1.6978448280425755,-11.137430277032395,-0.185837398409739,0.06931471805599453
3,6949.587100726609,-108.20824653253756,0.44919836818907166,-3.635556962036913,0.005690808228787047,-0.021972245773362202
4,10095.07663589517,-65.85768894219984,-0.4910536307126034,4.273540488886267,0.013580365470225451,-0.048520302639196176
5,-46151.57712829235,-89.52120390674068,0.5014452159257303,-14.08172021665756,-0.11241638284245381,0.11561487031584658
6,-88730.99140766694,-285.6211240099712,0.7623508774061722,-45.486093756561424,-0.38610370097158575,0.2966253179403897
7,-50242.44709975377,-162.50043151781313,0.05956871509302284,-20.940916313539436,-0.045007276136891344,0.5957710442424862
8,-34221.822370042464,-93.97172652206484,0.01687822083950318,-10.455843361131867,0.13380805189350004,0.31884770305757487
9,-141189.3658280866,-388.02800551163676,-0.2642448834255097,-22.7289709928535,-0.11765681666884449,3.373659338623254
10,-67163.14037819758,-217.3797647616246,0.1311957739675214,-9.02660913105247,-0.07382617168127933,1.4679789226157502
11,-119138.71878430778,-316.7570191009262,-2.7375736563343667,-13.851649604580148,0.4017943909262835,0.24606724909878055
12,-44192.257557771365,-158.40867421052022,-2.879429839087549,-6.569736349610854,0.07553176114048786,1.1198496682675343
13,-35848.36494925465,-156.30135057894606,-1.3055255883165509,-5.548777435476631,-0.11562093909138818,2.311369715304191
14,-51217.22287566205,-408.04629629712736,-1.8610761739619552,-4.3499533434672655,0.8343579569184253,1.552208066554353
15,-97257.84855674443,-733.7195266896416,-5.064896153239235,-1.7662598571234829,3.0477241554687398,11.034642971049742
16,-51158.10199477744,-176.16808345405406,-4.680246303715965,-0.9075091616557888,2.884520202182157,6.1185345699174265
17,-70719.51947463438,-358.6926922682605,-4.683747377550099,-1.5414548394700338,2.5636502859418733,6.199031318861202
18,-114097.50592923853,-495.8661846959379,-9.905329661771349,-1.7983331493141888,1.0800710127277606,6.715986042438526
19,-80404.90277082821,-336.1429897017413,-20.8529111589699,-1.1320917595956126,1.4060634943391364,3.6301138132223487
20,-5007.600910271672,-83.06826450174697,-6.169020957741752,-0.10366205845246305,0.7410447282843393,0.0
21,5007.600910271673,-132.57968152623482,-6.439825977851975,-0.4949389708360297,2.123979737147622,0.18813474426894577
22,-8520.806069507338,-185.46961321813492,-7.39699418778742,-0.21374282597729227,-0.3810501634503836,0.008630462173553427
23,-8048.021097868175,-126.4881076664961,-13.857952002805524,0.0808958577679657,1.1899227662678642,0.04027549014324931
24,-6255.011231225756,-16.740852632573286,-9.066059496701042,0.10398004026393255,0.33957698060333474,0.055451774444795626
25,-13227.314888479617,-106.77151302979061,-7.727849291611577,-0.46169565553061037,0.19980820531129143,-0.762732919283507
26,-50917.22969443208,-209.9040859992985,-12.847622480123638,-0.7674282024941438,1.1547701933105516,-1.2080509422554828
27,-3154.929500520894,-234.80340079024865,-8.455210110611445,-1.1736006002434636,1.0320518377334698,0.3235663116304772
28,-72128.50475991129,-85.67536627103834,-11.617382427974116,-0.5671128250004591,1.4920388120026689,0.37231682801260185
29,-44971.86931069523,-90.45467912257284,-8.137797163672332,-0.7185480399616777,2.0053690735355114,0.3616329365281804
30,-40363.42482192158,-46.320020825298165,-16.07458594102352,-0.9397710124010464,2.889675610837969,0.5903877693501082
31,-19922.905034689487,-101.08203079107302,-11.254657574122211,-0.4838999730276165,0.7590524450076364,-0.2747156954586743
32,-19096.87419060764,-44.246758348783885,,-0.857611928126758,6.5516165723989985,0.0441665846874966
33,-14554.964112188718,-214.24015824800452,-6.487132110041966,-0.5006983776809072,2.424392535160976,-1.7235125567088512
34,-81760.57237323017,-95.68713498820269,-12.360479912031389,-0.05039599025307851,1.5128894668933948,0.8600445452294664
35,-113688.66992566468,-233.42827461192232,-24.10198971921474,-1.0117664467374003,1.7404347266110267,-0.027992109794991876
36,-26230.450075365385,-61.29377755250741,-8.317766166719343,-0.15093873982054143,1.4888917653522957,-0.01589026915173973
37,-75627.43102540069,-231.62819996630458,-16.98731447219716,-0.5814710184365689,1.9320266807512834,0.7305722170004305
38,-148047.02389422493,-372.049449043643,-36.45581498293077,-0.9312272816840155,2.896164685574011,2.010145227055834
39,-56334.61807287001,-170.01334155235398,-10.168404159132617,-0.44005132858825885,1.296859764244657,-0.7837790742597727
40,-87419.31005048743,-50.35654239609245,-12.922823397834023,-0.5679192219190138,2.543144652959114,-1.2794088379967932
41,-33941.82900585932,-8.821823765424105,-6.605898419813133,-0.32449172096055556,1.0687044497360725,0.4284587925805629
42,-113873.52985315907,-142.95480865281237,-15.77501552597942,-0.5397637436148673,0.7557549349766215,-0.21147764523767507
43,-67746.35562641636,-94.10939024608699,-12.410537490415445,-1.0231940022847557,2.658393167685639,1.0486293446441297
44,-33667.55643495047,-8.686436138166988,-5.1389943611899325,-0.4556622236035406,1.2006162396745597,0.9969337797397455
45,-59910.75278896711,-1.9103343512725839,-15.40086920002578,-0.5421344337197948,1.3782869761341743,0.32373572172975856
46,-75533.79094656692,-89.009038054798,-4.485203541940041,-0.6249736845709789,0.9949948483417947,1.0492177915424166
47,-113316.58998293434,-172.1879094597644,-13.502572000984395,-1.687837527871939,3.712136577823896,-0.7169969000697825
48,-5485.913360541687,-38.96771080733604,-4.465343768023548,-0.3408652804893438,1.9211871504237061,0.4574771391695639
49,-106096.22631165174,-164.73346421348478,-17.756563872378507,-1.871187670571263,6.972149584762657,1.384941098698909
50,-55733.45515579741,-74.24913664130781,-8.33424343097146,-0.7139564976339154,3.3066362499667554,-0.4247897911770878
51,-29909.766702908088,-117.61347052097635,-6.525338503343302,-0.8237878379257751,5.50145517874722,0.11266065387038704
52,14901.525977728967,-82.28723262976489,-3.639022697939713,-0.3978588661729738,2.961890718210925,0.10542092810812272
53,-24831.02097127367,-42.751212303298786,-4.684312177683491,-0.23343392733501048,4.270625341485636,-0.06342556627317535
54,-29852.504516808625,-61.70950016558176,-4.813516408115555,-0.5364048269159433,2.7869940558447817,-0.0020273255405408226
55,-582.6723968559011,-165.6270634070226,-4.530191033458061,-0.6539940249911176,5.392658617993466,-0.1039720770839918
56,-1696.9617026409105,-9.84595091737819,-1.3401553329042568,-0.2698094539793745,3.2374924392460134,0.48520302639196167
57,-30116.353106405637,-37.315492814126415,-4.349955322030794,-0.3399213698785078,3.665007922449463,-0.16635532333438685
58,-52385.576172687885,-28.628321400238242,-4.5191457528330785,-0.2970553553427994,2.602843071736653,-0.030409883108112337
59,9393.84916609997,-32.109452711919026,-0.7588479939543523,-0.4639513769951047,1.8633572091599173,-0.04852030263919618
60,24994.0562206434,-34.61105741118325,0.12163953243244924,-0.19448136670554977,0.20279733879244113,0.043152310867767114
61,-46526.52854947144,-44.06487476790487,-0.8864730837101202,-0.29076606793591725,3.8262201665301774,-0.03492358160059133
62,-7687.683611807323,-41.515839844315586,0.2772588722239783,-0.10790528727592667,1.3677856364957062,-0.05724401761858936
63,-6084.168692082977,-168.50838170220578,0.2687639203842081,-0.621575778327458,2.265490025274397,-0.07054125771490434
64,9667.678279050499,-29.53959936569881,0.14556090791758844,-0.11198496682675343,1.4226676028768752,-0.0
65,-53871.9127367464,-38.6230621762673,0.11606172601906277,-0.34029145537116834,4.31454072218752,0.0034657359027997266
66,-82336.90031254172,-71.32446658299382,-0.024327906486489886,-0.17216063854606894,1.0102825490762135,0.0
67,-69908.37050454899,-114.12034627882355,-0.1868109185526226,-0.0669252621167753,5.113242503135097,-0.0780052451945374
68,-45329.915938387836,-31.366271648408954,-0.09939626599152002,-0.32751204281457424,3.1691094463242844,0.24260151319598083
69,16403.436682011125,-94.7270611640031,0.00810930216216329,-0.2530003417986005,4.390411859839746,0.1624830120661326
70,-13471.795631315572,-90.88117844430576,-0.11371499586249198,-0.5924121157808767,4.93441344326046,0.29036698879592227
71,-51959.24947429672,-172.6393690005064,-0.08913751082383546,-1.6249089893075652,4.036912010122173,1.3261521465725836
72,-39570.13871376862,-62.32336629810153,0.0935901088450792,-1.0091208084708347,0.7174971356032981,-0.14994920295788416
73,8900.240807679007,-79.51488411194427,0.0,-1.6982798164388617,3.0692164190016555,1.899368490294537
74,-39569.37224752555,-1.9806910688305106,0.1504077396776275,-0.6539922062682401,1.8546510490160633,0.07520386983881372
75,-4488.800042545118,-72.53829359730676,1.1102230246251521e-17,-1.6995595686876261,2.765422016321428,-0.5084589074168058
76,-32663.95429997436,8.893078326584098,-0.0895879734614032,-0.29705528586331414,0.43055230303902353,-0.06212266624470001
77,-37742.691760703885,-29.140477120581313,0.2005934170198942,-1.4839793301621977,0.9138789249767144,0.406875825267572
78,-54413.11100955104,-97.09476263965409,-0.01743533871447781,-1.6023959585953371,0.7078150752245618,0.6675268147068522
79,-60012.9335739888,-57.561834042384575,0.3180323978882486,-1.9346385546649114,1.7488125789212954,-2.322126346258854
80,-18246.506694477255,-25.528414125113848,-0.07301316482587476,-2.273198297565113,2.7721222923631146,0.12476649250079012
81,-2252.213188308912,-5.703522106263188,-0.11121363262031057,-2.6851829793098103,2.9154451531793124,0.0
82,27469.081556929883,-50.73650057063274,0.008892956658446622,-1.9505695194012889,1.7906267238008815,0.01945910149055313
83,39859.537284691,-19.96818362833802,-1.5576058299829714,1.49620094047495,1.465306799505445,0.10574046719858556
84,15311.468051837435,-32.198803602494735,-0.026205615570633844,-2.1888309316179337,1.680233487942275,-0.03243720864865316
85,6670.397920041547,-5.056620723224335,-0.10686347210180351,-0.8761250836221798,2.913753574011105,-0.20723265836946406
86,37024.777099401974,-50.50778651793424,-0.6380666229988298,-1.6937040919761952,3.8425153516302,-0.31884770305757487
87,23665.045275420303,-4.456135873131353,-2.506244537761752,-1.0392140600586988,0.6135290151478338,-0.13862943611198905
88,29566.210414967656,0.0,-0.6129616969524243,-0.28788022675679686,1.1013080570521991,-0.2526808263936653
89,64925.66616628823,-58.5011473919376,-1.5907046422836062,5.192088876559913,0.9575491517348469,0.35926935077902084
90,5586.45582043879,-75.06403133587824,-0.25501560578304905,-1.551763609682955,0.7152206955406175,-0.0
91,29024.396592242756,-55.01239462873041,-2.6940620145592304,0.26179068593112054,0.9130741310624846,0.12084735175349208
92,43044.25719693547,-15.665777789389358,-1.2692468142888513,-3.2222639587303683,0.33005327459273043,0.0
93,53657.65602971635,-36.08182952574453,-1.4315621495636586,5.76192013612099,-0.08088909255830747,-0.020149030205422646
94,25001.227680232478,-114.42898127875868,-2.748315893631224,0.7337348533847904,0.15281130500688359,0.009729550745276564
95,45267.080080709085,-200.49858388791296,-4.573304037375012,-8.125132117710306,1.3006299171819156,0.15283939171562605
96,18507.26631712244,-52.81588748537706,-1.9896761914545655,-7.1467217056578605,1.7783136820069023,0.873365447505531
97,-94387.06015366814,-10.460858294578987,-1.152895358621731,-16.81199575276811,3.3376414849953218,0.3820061586347682
98,33852.183130777135,-9.001325400001251,-3.1902010020385623,-7.515706079721252,4.120543980700988,-0.04276666119016055
99,-121740.31378530254,-101.73706506848463,3.2662663520943895,-17.476193839412808,4.281081371117345,-0.16947736133355726
100,-62062.46229297827,-19.38320337344258,-3.2526581545059026,-16.70557361705136,4.514879393815437,0.8571913082635961
101,-16047.844781586959,-27.451783236017093,-1.173939762177808,-9.623592254622045,1.679336351234478,1.9234705876204692
102,-41665.386136710134,-79.05038432030712,-1.5347874034428644,-6.567555982197552,2.442014945776254,2.5869941889793466
103,-93485.32131668109,-19.05277765189148,-4.50360149009413,-13.352635998651106,6.095822434949618,1.562859632105376
104,19299.52501811207,-59.2880228392921,0.03754811313178714,-8.494270527408165,1.18230248193855,0.1732867951399863
105,-70328.39621490097,-118.25197659865209,-0.5809973343247333,-6.075090132154628,1.232403159935465,3.6576385073541022
106,-69383.1577357313,-262.68633126335914,1.5460803251856992,-4.843441297994745,1.2600125395084865,8.06020160723895
107,-81049.19493245725,-158.09483166134248,0.118527894659252,-0.2907807824961384,1.074801305976619,33.484953445624974
108,-67001.30061666199,-126.87603450052839,-15.082448534811768,-0.3488617948028402,5.080485881206552,-29.204132270445616
109,-69722.7961097107,-50.56931210667736,-22.79392632368965,-0.4422635210595323,5.552323694966596,-9.663968894896112
110,10704.059125320859,-106.08523003160978,-18.770235001365478,-0.9002351286462229,4.599626842736153,-2.258996746207851
111,-74441.36490468212,-184.9271190298494,-24.619616831191315,-1.14305064993665,4.029369755808278,-1.5685913635412123
112,-34733.79894749716,-39.41410759630395,-10.682714557416892,-0.46205781716289307,3.3277469761874117,-0.6485810368160803
113,-73452.87736484657,-44.27145582549189,-12.901416920230465,-0.42413147262389067,4.509765802387407,-2.377654507629912
114,58883.69959916234,-71.85355928142958,-12.128771377608794,-0.6453814553281594,2.9861920101220996,-5.131999342819266
115,-73945.1528167696,-70.3729214865349,-2.5218403413189967,-0.5822182547359207,0.1207518419808601,-0.42126503785734837
116,33176.040540127266,15.191336134662917,-5.797926599425146,-0.6835108681531685,-2.2595304475850426,0.548085979700805
117,3173.3494522205897,-56.96768573419337,-0.6420921533649052,-0.3555608513814609,-1.4578462337750955,-1.7557992101715825
118,-22116.60081951066,-42.29850799396876,-0.9880943644396164,-0.2469514441560775,-3.533356708701162,0.3417371991818058
119,-87596.74720793072,-59.72795895447525,0.3036741765623963,-0.0158998775383595,-1.7280844181715782,0.9010913347279289
120,3335.248148293239,-101.88766685983008,-0.33427179128806045,0.05259043501626473,4.628009148767067,-0.1767525310427861
121,-5125.777754422521,-1.7578143055249695,-1.1944015613228478,0.1663553233343869,6.822533726174801,0.05278114659230518
122,-51338.10938587282,-65.89680170549506,-3.4299824064666407,1.4480685880303388,15.146314856325665,-0.7142514501490527
123,-1284.486027000654,-93.05230655615877,-3.1413923641045463,4.234844733729656,14.50337309914657,2.2759572004815702e-17
124,-40407.03466884511,-117.01391444000775,-0.5458376119556502,9.119117527539979,7.122263444785223,-0.1373265360835137
125,-1436.1717801323737,-124.18533873147894,1.3280828681788213,18.090356496153976,12.525548345476565,-0.219722457733622
126,-57459.73363424104,-92.07662071208136,-0.6158423257783858,18.740432237014332,16.679040882342463,-0.0
127,-54048.52392461568,-129.1900746980748,-0.07181568615677232,22.450877094949057,16.940210047554224,0.7808069056333152
128,-119619.41128406311,-43.95939419111174,1.6593967983016955,37.54634775359259,13.515463212060522,0.5715285294512401
129,9056.819791900592,-0.8515964565516412,-1.01958230194656,33.71256230090091,5.408874567376503,0.3852282858840318
130,-106512.81380285393,-214.22421991830905,-2.619967708650865,33.03433335715989,5.974370568564732,0.3083358663391362
131,-89336.870039091,-125.56297970441716,-0.5942535610885666,20.649642758518645,3.2019371079144725,0.045974306138939144
132,-108176.4377998095,-113.74402724775912,1.3542117827059357,27.464175235047446,6.262928972553134,0.18783960003420178
133,-88537.30263698108,-123.89105443485431,-1.2303423726821168,17.1518976118137,1.1561166766016218,0.026355232027030693
134,36580.485849498495,-12.48034579569648,-0.24809504257324508,18.868466979209124,1.8655676324267547,-0.006081976621622467
135,97362.6971126944,-171.77951106443953,-2.3631974546596926,11.036067970689128,6.911215825693524,-0.23571070809905317
136,-39951.387558702736,-57.19726997411218,-0.0,8.880325019616919,1.598220211992859,0.23227206065447345
137,-31595.508485147788,-48.10417299686747,-1.7544892202839266,0.35539380147016664,-1.2138472357465966,0.6862157087543458
138,-44404.76443749731,-179.6855238075163,0.12110771220928865,-6.62227622168502,0.24154721704396354,0.1428195975268543
139,-25047.905468107387,-74.55156215485309,-0.7411771666689372,13.518740491638344,0.5768770039182672,-0.29034007581809185
140,91287.38978267097,-32.652892802558654,1.5691391457960768,5.822497482804869,0.2964642956725139,0.602870281567619
141,-64412.86976138235,-128.64110728096227,0.8041971005613797,-2.1139890794538836,-0.375802016598184,0.9130155892892229
142,-43031.518672853264,-53.26390736124084,1.0146309796997652,0.9394168730592748,-0.1530621242567363,-0.04171390050550821
143,-8625.746971545337,-124.33174816633318,0.7906761421736497,-22.444966238700005,-0.8803395387911087,-0.03295836866004329
144,62355.84655104479,-66.11526096782006,-0.1801654936498769,-9.134687435545619,-2.1343054265663395,-0.11436928479239097
145,62441.495510301684,-55.673332609999605,-0.04465147321890753,-11.48447500465701,-0.33159333099587246,-0.0719205181129452
146,81861.0162181421,-176.45081449002777,-0.5869411032597135,4.763663017986404,0.07541193064132581,0.1688170560277272
147,-32933.794900370376,-120.93174432566057,0.27481070376015504,-14.450425413278232,-0.05643437117176896,0.36031146421926
148,-94845.13512636718,-70.41966228793493,0.18405158429092633,-16.323835345429824,-0.08420785045725371,0.14330205967777357
149,-167552.42334618713,-54.37766655530215,0.41733094216631095,-5.270538016635773,0.5375415203944807,0.0
150,-141971.88837837713,-1.889428911904908,0.1235280036804379,-6.107066487258806,-0.5288371441935148,0.18661578467052006
151,-59575.900346613,-74.68782086564974,0.11969180367666203,-12.709551330527697,-0.3703661707038228,1.2722744284681016
152,-40381.54450563692,-141.3090948481572,-0.4580391439968016,-23.208621660036478,-1.2918661276674996,-0.04718498871295095
