DATE,FEDFUNDS,inflation_pce,inflation_cpi,output_gap
2011-01-01,0.17,1.5598650927487467,1.7007834915029774,-3.643766771843081
2011-02-01,0.16,1.8450307320212023,2.124898173333145,-3.5547736984899365
2011-03-01,0.14,2.1105460830258993,2.619241510354109,-3.4657806251367917
2011-04-01,0.1,2.488096556306063,3.0772344447868694,-3.3767875517836474
2011-05-01,0.09,2.7662471357885243,3.4589718808964998,-3.5151490239039793
2011-06-01,0.09,2.7884519551278464,3.5023181506360412,-3.653510496024311
2011-07-01,0.07,2.875699838456258,3.5798809769996165,-3.791871968144643
2011-08-01,0.1,2.9767297960266115,3.75499603070808,-3.5661992371511855
2011-09-01,0.08,3.0190303779583205,3.812621692818685,-3.3405265061577274
2011-10-01,0.07,2.693632332390705,3.5222681306640524,-3.1148537751642698
2011-11-01,0.08,2.6992598449408156,3.451432214581729,-2.9813246589639455
2011-12-01,0.07,2.5266248849541872,3.062066838419386,-2.8477955427636217
2012-01-01,0.08,2.569312446745764,3.0087663379855023,-2.7142664265632974
2012-02-01,0.1,2.5131540246413397,2.8981784423473878,-2.710030455203425
2012-03-01,0.13,2.2980274721697835,2.5828752813320977,-2.7057944838435524
2012-04-01,0.14,1.9998487418563693,2.2731633741348567,-2.70155851248368
2012-05-01,0.16,1.5769404769598871,1.7379429374660749,-2.797153927997227
2012-06-01,0.16,1.5460196726963193,1.653870448297634,-2.8927493435107734
2012-07-01,0.16,1.4100261354958565,1.4175114798464783,-2.9883447590243204
2012-08-01,0.13,1.51186746212284,1.6859349154821235,-3.0945722819270243
2012-09-01,0.14,1.6779710051753494,1.9497168982819613,-3.2007998048297286
2012-10-01,0.16,1.9768774978838444,2.1556780595369363,-3.3070273277324325
2012-11-01,0.16,1.6991017964071764,1.7960197033926262,-3.1362071606603785
2012-12-01,0.16,1.6243828413875505,1.7595049796895523,-2.965386993588325
2013-01-01,0.14,1.4708075063369241,1.684061762098299,-2.794566826516271
2013-02-01,0.15,1.6046076681118793,2.0181404902574807,-2.856197898516463
2013-03-01,0.14,1.276992915022701,1.5187472411246183,-2.9178289705166542
2013-04-01,0.15,1.0412253198881505,1.138808047576867,-2.979460042516846
2013-05-01,0.11,1.2290301372187118,1.3903888279197085,-2.853648524585898
2013-06-01,0.09,1.5055063976064709,1.7157935271568725,-2.7278370066549495
2013-07-01,0.09,1.5951128457492025,1.885471805415806,-2.6020254887240015
2013-08-01,0.08,1.4047883304264985,1.538809488600279,-2.470662606664281
2013-09-01,0.08,1.1412854478201728,1.0947341081747997,-2.33929972460456
2013-10-01,0.09,0.9761069199571093,0.8767991434911471,-2.2079368425448394
2013-11-01,0.08,1.1954704602088029,1.2328701961954458,-2.4722923369325134
2013-12-01,0.09,1.3881001955959427,1.5128383667573297,-2.7366478313201874
2014-01-01,0.07,1.4054054054054133,1.557758795574915,-3.0010033257078614
2014-02-01,0.07,1.0939820528374389,1.1204746347724948,-2.7376585774734847
2014-03-01,0.08,1.38970341823057,1.6126949139408042,-2.4743138292391085
2014-04-01,0.09,1.6731138157687786,2.015125303606169,-2.2109690810047318
2014-05-01,0.09,1.7661662878033946,2.166947687079812,-1.9731651138307307
2014-06-01,0.1,1.6514586142380772,2.0589816945944195,-1.7353611466567296
2014-07-01,0.09,1.6692416903290486,1.9742378703305974,-1.4975571794827285
2014-08-01,0.09,1.5062438759980923,1.7150983482969062,-1.4913234957764956
2014-09-01,0.09,1.4972493123280861,1.6840509711232077,-1.4850898120702627
2014-10-01,0.09,1.3329448612426242,1.6095417021513292,-1.4788561283640298
2014-11-01,0.09,1.0857594081832067,1.231524989320798,-1.3447737127139676
2014-12-01,0.12,0.7322588005891362,0.6531213919623191,-1.2106912970639052
2015-01-01,0.11,0.04140186722421113,-0.22993097820542818,-1.076608881413843
2015-02-01,0.11,0.1707014276846719,-0.08703146293520536,-1.0355038572649238
2015-03-01,0.11,0.19934927438929329,-0.022031284423873476,-0.9943988331160046
2015-04-01,0.12,0.11032406404982709,-0.10403098939391064,-0.9532938089670855
2015-05-01,0.12,0.18528621573490334,0.03503321824429584,-0.9843459518738721
2015-06-01,0.13,0.27042867572208973,0.1795718097550525,-1.0153980947806587
2015-07-01,0.13,0.2197328295222345,0.22568611104094582,-1.0464502376874454
2015-08-01,0.14,0.23927130079379744,0.2413037985344868,-1.1480253184361033
2015-09-01,0.14,0.06569964994405098,0.008842961634170088,-1.249600399184761
2015-10-01,0.12,0.09549823379610967,0.12761656067050708,-1.351175479933419
2015-11-01,0.12,0.2538775426298434,0.4363182169185187,-1.3225889525204202
2015-12-01,0.24,0.34596375617792496,0.6387247515364791,-1.2940024251074211
2016-01-01,0.34,0.8711486332691809,1.2375025026943876,-1.2654158976944223
2016-02-01,0.38,0.640330493157748,0.8472775790126619,-1.321098906622163
2016-03-01,0.36,0.6855104733630268,0.8916160965521946,-1.3767819155499037
2016-04-01,0.37,0.9259068531526138,1.1726257503534843,-1.4324649244776444
2016-05-01,0.37,0.8486853596638255,1.0784764621246223,-1.3599774440215173
2016-06-01,0.38,0.8296074490339977,1.0792865347959424,-1.28748996356539
2016-07-01,0.39,0.7550842682239489,0.8683633430518256,-1.215002483109263
2016-08-01,0.4,0.8882104659263312,1.0553158595656864,-1.1918556859099296
2016-09-01,0.4,1.2197749212634612,1.5486446201652182,-1.1687088887105965
2016-10-01,0.4,1.4270032930845167,1.685924966243646,-1.1455620915112632
2016-11-01,0.41,1.3974040886628902,1.6843334719788938,-1.1439392298184978
2016-12-01,0.54,1.6571581021178838,2.0507989115119862,-1.1423163681257327
2017-01-01,0.65,2.0052104701731244,2.5103933482571117,-1.1406935064329673
2017-02-01,0.66,2.1971368464261953,2.8103616813294208,-1.1157123864267335
2017-03-01,0.79,1.9063610209576698,2.44119623655914,-1.0907312664204996
2017-04-01,0.9,1.76747318686028,2.176223471915395,-1.0657501464142658
2017-05-01,0.91,1.557772049759043,1.8563431667619756,-0.9691248379232955
2017-06-01,1.04,1.4655479277905004,1.640565809959127,-0.8724995294323252
2017-07-01,1.15,1.4856317748266346,1.7251073506566073,-0.7758742209413549
2017-08-01,1.16,1.5719087318108338,1.92812155729698,-0.5706711623836417
2017-09-01,1.15,1.757444307056133,2.1805652303711787,-0.3654681038259284
2017-10-01,1.15,1.6820407007323013,2.020757753132485,-0.1602650452682152
2017-11-01,1.16,1.7937129048240186,2.172493864295566,-0.06099157354328924
2017-12-01,1.3,1.7664099484208329,2.129930719552253,0.038281898181636714
2018-01-01,1.41,1.7576494957315614,2.151318868063945,0.13755536990656267
2018-02-01,1.42,1.8376076958608545,2.263468931091861,0.13942098779450876
2018-03-01,1.51,1.998292058070028,2.3309497646499366,0.14128660568245482
2018-04-01,1.69,2.0466282276259795,2.4709963021052994,0.14315222357040092
2018-05-01,1.7,2.2662065367869744,2.781921607842497,0.17457266444162406
2018-06-01,1.82,2.268307840346395,2.8075506935940187,0.2059931053128472
2018-07-01,1.91,2.3386070559001215,2.854124785561929,0.23741354618407037
2018-08-01,1.91,2.180411288951989,2.6429238568742575,0.10873126133714456
2018-09-01,1.95,2.009960159362545,2.332055105808828,-0.019951023509781257
2018-10-01,2.19,2.053098049357893,2.492032470218053,-0.14863330835670707
2018-11-01,2.2,1.9418922274646144,2.147328577667773,-0.11766413286198003
2018-12-01,2.27,1.8646908878110713,2.0023809043401064,-0.086694957367253
2019-01-01,2.4,1.4318323303589953,1.4875893578291333,-0.05572578187252598
2019-02-01,2.4,1.4001735426362627,1.5188615351321877,0.04582968067623292
2019-03-01,2.41,1.5218076513927814,1.8831863513063984,0.14738514322499183
2019-04-01,2.42,1.5663384627478738,2.000583470209061,0.2489406057737507
2019-05-01,2.39,1.4655536045359518,1.7959105553606136,0.4633697980543355
2019-06-01,2.38,1.4260651383430245,1.671194894390049,0.6777989903349202
2019-07-01,2.4,1.4539295260287632,1.826331335037068,0.8922281826155051
2019-08-01,2.13,1.4304164057608038,1.7376412106666406,0.9503524393655106
2019-09-01,2.04,1.2839539924622612,1.6844977040391562,1.008476696115516
2019-10-01,1.83,1.2885618207514993,1.7339736996186295,1.0666009528655216
2019-11-01,1.55,1.3582773068303577,2.092290394862917,0.45857484564740136
2019-12-01,1.55,1.5637627676458932,2.3195274699624457,-0.14945126157071886
2020-01-01,1.55,1.7944821136310463,2.599767976845202,-0.757477368788839
2020-02-01,1.58,1.689097203314005,2.3413166797595197,-3.5130788118159533
2020-03-01,0.65,1.1662090444265472,1.4940399642909163,-6.268680254843068
2020-04-01,0.05,0.4624613003096023,0.3130472940411133,-9.024281697870183
2020-05-01,0.05,0.49016290423937736,0.1982013035848551,-6.827516271674259
2020-06-01,0.08,0.7595377063120967,0.7166562831830481,-4.630750845478336
2020-07-01,0.09,0.9225840072571545,0.9968647625897997,-2.4339854192824126
2020-08-01,0.1,1.157519050834388,1.2810698495523853,-2.224664713548596
2020-09-01,0.09,1.27635371578958,1.3910228912373812,-2.0153440078147793
2020-10-01,0.09,1.1874861668446979,1.2303863428671624,-1.8060233020809628
2020-11-01,0.09,1.186264708144269,1.1757452138405844,-1.5103912567950786
2020-12-01,0.09,1.334522131784066,1.3204191315779434,-1.2147592115091943
2021-01-01,0.09,1.5857976839888988,1.3553199782346148,-0.91912716622331
2021-02-01,0.08,1.8427318715156016,1.667502410800381,-0.5222887309872584
2021-03-01,0.07,2.669006722866385,2.623645747764214,-0.1254502957512067
2021-04-01,0.07,3.6402858298503427,4.137373453318349,0.2713881394848449
2021-05-01,0.06,4.07246348925363,4.9264665639830785,0.3744903680824728
2021-06-01,0.08,4.306128320705871,5.317418943207719,0.47759259668010073
2021-07-01,0.1,4.473216164011551,5.269167647240969,0.5806948252777286
2021-08-01,0.09,4.580909697720981,5.181323173271246,0.9774825782845868
2021-09-01,0.08,4.737428253233955,5.363523425270289,1.374270331291445
2021-10-01,0.08,5.336135652537788,6.226591220771449,1.771058084298303
2021-11-01,0.08,5.93019057933839,6.865559520296194,1.5040104250738242
2021-12-01,0.08,6.141969176624196,7.159457345112474,1.2369627658493454
2022-01-01,0.08,6.272433512016362,7.578082463000535,0.9699151066248664
2022-02-01,0.08,6.545539906103293,7.949220898953979,0.8396432826389626
2022-03-01,0.2,6.926410970164576,8.540780148538584,0.7093714586530588
2022-04-01,0.33,6.684755338326309,8.235161744022502,0.579099634667155
2022-05-01,0.77,6.794545874740021,8.530051713089225,0.6351229658383192
2022-06-01,1.21,7.243471864656126,8.999298141923106,0.6911462970094835
2022-07-01,1.68,6.7502013619389345,8.447778206754553,0.7471696281806477
2022-08-01,2.33,6.6396775899483895,8.216255059541266,0.7900462130617334
2022-09-01,2.56,6.667939000672507,8.205751582451759,0.8329227979428192
2022-10-01,3.08,6.461602354598139,7.757261470809462,0.8757993828239049
2022-11-01,3.78,6.030493273542614,7.131380368978291,0.9311314047556214
2022-12-01,4.1,5.520050627946982,6.410831677385809,0.9864634266873379
2023-01-01,4.33,5.507734586232882,6.340296309929161,1.0417954486190544
2023-02-01,4.57,5.197803844154003,5.957648712766894,1.063767698208107
2023-03-01,4.65,4.428273156924578,4.931348641757127,1.0857399477971594
2023-04-01,4.83,4.476012960317743,4.946947488062325,1.107712197386212
2023-05-01,5.06,4.003462454014284,4.125314539356473,1.3042995561831043
2023-06-01,5.08,3.284521339529123,3.0592533347792994,1.5008869149799964
2023-07-01,5.12,3.40904219289897,3.28032820234625,1.6974742737768886
2023-08-01,5.33,3.43205991996991,3.7186358677607556,1.789213662901346
2023-09-01,5.33,3.4488928270185903,3.6950823322234427,1.8809530520258035
2023-10-01,5.33,3.0232617305099296,3.2465375076767167,1.9726924411502609
2023-11-01,5.33,2.7650899986466193,3.139855644977696,1.8491936712534252
2023-12-01,5.33,2.7672658467360334,3.322200208829762,1.7256949013565894
2024-01-01,5.33,2.6987514493606035,3.1079425939238847,1.6021961314597537
2024-02-01,5.33,2.705057426970159,3.16642120765831,1.705097179060783
2024-03-01,5.33,2.9279392327126175,3.4690014354717524,1.807998226661812
2024-04-01,5.33,2.826154012888593,3.3540471111874304,1.9108992742628412
2024-05-01,5.33,2.6616729088639213,3.238866396761142,1.9951707940652703
2024-06-01,5.33,2.548373440470164,2.9700853998204435,2.079442313867699
2024-07-01,5.33,2.594376777467322,2.9384633061405374,2.1637138336701285
2024-08-01,5.33,2.412994957427461,2.6109140322338353,2.1249129579230344
2024-09-01,5.13,2.260766436883843,2.432541464144644,2.0861120821759407
2024-10-01,4.83,2.4776925356425616,2.5714034967967203,2.0473112064288466
2024-11-01,4.64,2.5878034125423,2.7141684004842848,1.8022633346983477
2024-12-01,4.48,2.7280946901200087,2.872366268806581,1.5572154629678487
2025-01-01,4.33,2.6073795303935166,2.999412512831112,1.3121675912373498
2025-02-01,4.33,2.7104846734857135,2.8142703731568686,1.4378984281645184
2025-03-01,4.33,2.3594336708984365,2.4055852640280317,1.5636292650916868
2025-04-01,4.33,2.2774259978433964,2.3337465177498906,1.6893601020188553
2025-05-01,4.33,2.4580860654408676,2.3759340869898393,1.8561040389959176
2025-06-01,4.33,2.5935129797068024,2.6726833178446263,2.02284797597298
2025-07-01,4.33,2.6031227775263455,2.7318012794754543,2.1895919129500423
