model,n_obs,n_jpc,n_bpc,n_oos_exp,rmse_exp,base_rmse_exp,imp_exp,dm_t_exp,dm_p_exp,sig_exp,rmse_oos60,base_oos60,imp_oos60,dm_t_oos60,dm_p_oos60,sig_oos60,rmse_oos70,base_oos70,imp_oos70,dm_t_oos70,dm_p_oos70,sig_oos70,rmse_oos80,base_oos80,imp_oos80,dm_t_oos80,dm_p_oos80,sig_oos80,rmse_oos90,base_oos90,imp_oos90,dm_t_oos90,dm_p_oos90,sig_oos90
LLM_base,151,5,5,76,0.2826,0.2826,0.0,,,,0.5176,0.5176,0.0,,,,0.3341,0.3341,0.0,,,,0.3374,0.3374,0.0,,,,0.1712,0.1712,0.0,,,
LLM_total,151,5,5,76,0.2884,0.2826,-2.1,-0.7285,,,0.3901,0.5176,24.6,3.7575,0.0001,***,0.3439,0.3341,-2.9,-1.0797,,,0.3153,0.3374,6.6,1.6636,0.0481,**,0.2554,0.1712,-49.2,-3.2778,,
LLM_total_inter,151,6,5,76,0.3078,0.2826,-8.9,-1.2674,,,0.3713,0.5176,28.3,2.021,0.0216,**,0.4369,0.3341,-30.8,-2.8524,,,0.3283,0.3374,2.7,0.553,0.2901,,0.2269,0.1712,-32.6,-2.856,,
LLM_topics,151,8,5,76,0.2444,0.2826,13.5,2.3345,0.0098,***,0.3486,0.5176,32.7,2.065,0.0195,**,0.3927,0.3341,-17.5,-1.3739,,,0.2152,0.3374,36.2,2.1065,0.0176,**,0.1319,0.1712,22.9,0.8497,0.1978,
LLM_topics_matched,151,9,5,76,0.2759,0.2826,2.3,0.2409,0.4048,,0.3525,0.5176,31.9,2.3286,0.0099,***,0.4446,0.3341,-33.1,-1.8038,,,0.6274,0.3374,-86.0,-2.3969,,,0.2377,0.1712,-38.8,-1.237,,
LLM_topics_inter,151,11,5,76,0.3351,0.2826,-18.6,-1.204,,,1.2411,0.5176,-139.8,-1.6496,,,0.858,0.3341,-156.8,-1.8131,,,0.7173,0.3374,-112.6,-1.7292,,,0.2458,0.1712,-43.6,-2.0432,,
LLM_all_sent,151,8,5,76,0.2428,0.2826,14.1,2.4189,0.0078,***,0.3457,0.5176,33.2,2.1251,0.0168,**,0.3898,0.3341,-16.7,-1.314,,,0.2134,0.3374,36.8,2.0721,0.0191,**,0.1308,0.1712,23.6,0.8576,0.1956,
LLM_all_sent_inter,151,11,5,76,0.3227,0.2826,-14.2,-0.9136,,,1.0965,0.5176,-111.8,-1.5323,,,0.7137,0.3341,-113.6,-1.7187,,,0.6644,0.3374,-96.9,-1.5999,,,0.2533,0.1712,-48.0,-2.4094,,
Gardner_base,151,5,5,76,0.2826,0.2826,0.0,,,,0.5176,0.5176,0.0,,,,0.3341,0.3341,0.0,,,,0.3374,0.3374,0.0,,,,0.1712,0.1712,0.0,,,
Gardner_total,151,5,5,76,0.2904,0.2826,-2.8,-0.7321,,,0.4266,0.5176,17.6,4.2497,0.0,***,0.3288,0.3341,1.6,0.379,0.3523,,0.3432,0.3374,-1.7,-0.3619,,,0.3055,0.1712,-78.4,-3.0462,,
Gardner_total_inter,151,6,5,76,0.3064,0.2826,-8.4,-1.3271,,,0.4144,0.5176,19.9,1.4853,0.0687,*,0.4341,0.3341,-29.9,-1.9987,,,0.3927,0.3374,-16.4,-1.2084,,,0.3333,0.1712,-94.7,-3.1311,,
Gardner_topics,151,7,5,76,0.2996,0.2826,-6.0,-1.5339,,,0.366,0.5176,29.3,2.5569,0.0053,***,0.3433,0.3341,-2.7,-0.79,,,0.359,0.3374,-6.4,-1.0022,,,0.3134,0.1712,-83.0,-3.0019,,
Gardner_topics_matched,151,9,5,76,0.2986,0.2826,-5.7,-0.7274,,,0.428,0.5176,17.3,2.0939,0.0181,**,0.4203,0.3341,-25.8,-3.2776,,,0.3009,0.3374,10.8,0.5676,0.2852,,0.2488,0.1712,-45.3,-1.5966,,
Gardner_topics_inter,151,12,5,76,0.315,0.2826,-11.5,-1.5278,,,0.4127,0.5176,20.3,1.4724,0.0705,*,0.4963,0.3341,-48.5,-2.1593,,,0.506,0.3374,-50.0,-2.0044,,,0.2566,0.1712,-49.9,-2.1263,,
Gardner_all_sent,151,7,5,76,0.3075,0.2826,-8.8,-1.9228,,,0.3715,0.5176,28.2,2.3825,0.0086,***,0.3602,0.3341,-7.8,-1.4726,,,0.3808,0.3374,-12.9,-1.4714,,,0.3291,0.1712,-92.2,-3.4157,,
Gardner_all_sent_inter,151,11,5,76,0.3183,0.2826,-12.7,-1.6019,,,0.4391,0.5176,15.2,0.9598,0.1686,,0.4931,0.3341,-47.6,-2.0132,,,0.5645,0.3374,-67.3,-2.4951,,,0.2874,0.1712,-67.9,-3.2205,,
Sharpe_base,151,5,5,76,0.2826,0.2826,0.0,,,,0.5176,0.5176,0.0,,,,0.3341,0.3341,0.0,,,,0.3374,0.3374,0.0,,,,0.1712,0.1712,0.0,,,
Sharpe_total,151,5,5,76,0.2848,0.2826,-0.8,-0.4189,,,0.3439,0.5176,33.6,3.355,0.0004,***,0.3355,0.3341,-0.4,-0.3805,,,0.3065,0.3374,9.2,2.51,0.006,***,0.2024,0.1712,-18.2,-1.9182,,
Sharpe_total_inter,151,7,5,76,0.3784,0.2826,-33.9,-1.2593,,,0.5783,0.5176,-11.7,-1.0518,,,0.6062,0.3341,-81.4,-2.2372,,,0.4556,0.3374,-35.0,-2.1596,,,0.2989,0.1712,-74.6,-2.9547,,
Sharpe_topics,151,6,5,76,0.2755,0.2826,2.5,1.4779,0.0697,*,0.3619,0.5176,30.1,2.8652,0.0021,***,0.3482,0.3341,-4.2,-1.0403,,,0.3205,0.3374,5.0,1.661,0.0484,**,0.162,0.1712,5.4,0.5909,0.2773,
Sharpe_topics_matched,151,7,5,76,0.3042,0.2826,-7.7,-1.9178,,,0.4755,0.5176,8.1,0.6906,0.2449,,0.4097,0.3341,-22.6,-1.4939,,,0.3875,0.3374,-14.9,-1.1563,,,0.1986,0.1712,-16.0,-1.1636,,
Sharpe_topics_inter,151,9,5,76,0.3907,0.2826,-38.3,-1.3818,,,0.6317,0.5176,-22.0,-1.1397,,,0.5541,0.3341,-65.9,-1.5761,,,0.6607,0.3374,-95.8,-1.3496,,,0.1793,0.1712,-4.7,-0.7251,,
Sharpe_all_sent,151,6,5,76,0.2739,0.2826,3.1,1.5039,0.0663,*,0.3492,0.5176,32.5,2.7571,0.0029,***,0.3509,0.3341,-5.0,-0.9016,,,0.3198,0.3374,5.2,2.3283,0.0099,***,0.1626,0.1712,5.0,0.4566,0.324,
Sharpe_all_sent_inter,151,9,5,76,0.4151,0.2826,-46.9,-1.5514,,,0.7138,0.5176,-37.9,-1.7299,,,0.6298,0.3341,-88.5,-1.806,,,0.7362,0.3374,-118.2,-1.5328,,,0.1851,0.1712,-8.1,-1.0437,,
