model_label,n_obs,r2,adj_r2,aic,bic,f_stat,f_pvalue,oos_rmse
Gardner_statements_wordcount__4a_total_sent_ev1.0,726,0.8726,0.8717,1220.35,1247.88,244.8527,0.0,
Gardner_statements_wordcount__4b_sent_sd_ev1.0,726,0.8724,0.8716,1219.67,1242.61,304.8528,0.0,
Gardner_statements_wordcount__4b_sent_var_ev1.0,726,0.8724,0.8716,1219.67,1242.61,304.8528,0.0,
Gardner_statements_wordcount__4b_sd_var_joint_ev1.0,726,0.8724,0.8716,1219.67,1242.61,304.8528,0.0,
Gardner_statements_wordcount__4b_consensus_ev1.0,726,0.8871,0.8857,1140.44,1186.31,186.5003,0.0,
Gardner_statements_wordcount__4b_consensus_matched_interactions_ev1.0,726,0.8826,0.8812,1168.71,1214.58,167.0088,0.0,
Gardner_statements_wordcount__4c_all_topics_ev1.0,726,0.8744,0.8728,1217.85,1263.73,145.3791,0.0,
Gardner_statements_wordcount__4d_topic_pca_ev1.0,726,0.8743,0.8729,1216.39,1257.68,157.5491,0.0,,4d,1.0
Gardner_statements_wordcount__4e_total_interactions_ev1.0,726,0.8913,0.89,1112.76,1158.64,169.8365,0.0,
Gardner_statements_wordcount__4f_matched_interactions_ev1.0,726,0.882,0.8805,1172.93,1218.8,170.6106,0.0,
Gardner_statements_wordcount__4g_novelty_ev1.0,725,0.8739,0.8723,1218.08,1263.94,134.9435,0.0,
Gardner_statements_wordcount__4a_total_sent_ev1.5,726,0.8726,0.8717,1220.35,1247.88,244.8527,0.0,
Gardner_statements_wordcount__4b_sent_sd_ev1.5,726,0.8724,0.8716,1219.67,1242.61,304.8528,0.0,
Gardner_statements_wordcount__4b_sent_var_ev1.5,726,0.8724,0.8716,1219.67,1242.61,304.8528,0.0,
Gardner_statements_wordcount__4b_sd_var_joint_ev1.5,726,0.8724,0.8716,1219.67,1242.61,304.8528,0.0,
Gardner_statements_wordcount__4b_consensus_ev1.5,726,0.8871,0.8857,1140.44,1186.31,186.5003,0.0,
Gardner_statements_wordcount__4b_consensus_matched_interactions_ev1.5,726,0.8826,0.8812,1168.71,1214.58,167.0088,0.0,
Gardner_statements_wordcount__4c_all_topics_ev1.5,726,0.8744,0.8728,1217.85,1263.73,145.3791,0.0,
Gardner_statements_wordcount__4d_topic_pca_ev1.5,726,0.8743,0.8729,1216.39,1257.68,157.5491,0.0,,4d,1.5
Gardner_statements_wordcount__4e_total_interactions_ev1.5,726,0.8913,0.89,1112.76,1158.64,169.8365,0.0,
Gardner_statements_wordcount__4f_matched_interactions_ev1.5,726,0.882,0.8805,1172.93,1218.8,170.6106,0.0,
Gardner_statements_wordcount__4g_novelty_ev1.5,725,0.8739,0.8723,1218.08,1263.94,134.9435,0.0,
Gardner_statements_wordcount__4a_total_sent_ev2.0,726,0.8726,0.8717,1220.35,1247.88,244.8527,0.0,
Gardner_statements_wordcount__4b_sent_sd_ev2.0,726,0.8724,0.8716,1219.67,1242.61,304.8528,0.0,
Gardner_statements_wordcount__4b_sent_var_ev2.0,726,0.8724,0.8716,1219.67,1242.61,304.8528,0.0,
Gardner_statements_wordcount__4b_sd_var_joint_ev2.0,726,0.8724,0.8716,1219.67,1242.61,304.8528,0.0,
Gardner_statements_wordcount__4b_consensus_ev2.0,726,0.8871,0.8857,1140.44,1186.31,186.5003,0.0,
Gardner_statements_wordcount__4b_consensus_matched_interactions_ev2.0,726,0.8826,0.8812,1168.71,1214.58,167.0088,0.0,
Gardner_statements_wordcount__4c_all_topics_ev2.0,726,0.8744,0.8728,1217.85,1263.73,145.3791,0.0,
Gardner_statements_wordcount__4d_topic_pca_ev2.0,726,0.8743,0.8729,1216.39,1257.68,157.5491,0.0,,4d,2.0
Gardner_statements_wordcount__4e_total_interactions_ev2.0,726,0.8913,0.89,1112.76,1158.64,169.8365,0.0,
Gardner_statements_wordcount__4f_matched_interactions_ev2.0,726,0.882,0.8805,1172.93,1218.8,170.6106,0.0,
Gardner_statements_wordcount__4g_novelty_ev2.0,725,0.8739,0.8723,1218.08,1263.94,134.9435,0.0,
Gardner_statements_wordcount__4a_total_sent_ev2.5,726,0.8726,0.8717,1220.35,1247.88,244.8527,0.0,
Gardner_statements_wordcount__4b_sent_sd_ev2.5,726,0.8724,0.8716,1219.67,1242.61,304.8528,0.0,
Gardner_statements_wordcount__4b_sent_var_ev2.5,726,0.8724,0.8716,1219.67,1242.61,304.8528,0.0,
Gardner_statements_wordcount__4b_sd_var_joint_ev2.5,726,0.8724,0.8716,1219.67,1242.61,304.8528,0.0,
Gardner_statements_wordcount__4b_consensus_ev2.5,726,0.8871,0.8857,1140.44,1186.31,186.5003,0.0,
Gardner_statements_wordcount__4b_consensus_matched_interactions_ev2.5,726,0.8826,0.8812,1168.71,1214.58,167.0088,0.0,
Gardner_statements_wordcount__4c_all_topics_ev2.5,726,0.8744,0.8728,1217.85,1263.73,145.3791,0.0,
Gardner_statements_wordcount__4d_topic_pca_ev2.5,726,0.8743,0.8729,1216.39,1257.68,157.5491,0.0,,4d,2.5
Gardner_statements_wordcount__4e_total_interactions_ev2.5,726,0.8913,0.89,1112.76,1158.64,169.8365,0.0,
Gardner_statements_wordcount__4f_matched_interactions_ev2.5,726,0.882,0.8805,1172.93,1218.8,170.6106,0.0,
Gardner_statements_wordcount__4g_novelty_ev2.5,725,0.8739,0.8723,1218.08,1263.94,134.9435,0.0,
Gardner_statements_wordcount__4a_total_sent_ev3.0,726,0.8726,0.8717,1220.35,1247.88,244.8527,0.0,
Gardner_statements_wordcount__4b_sent_sd_ev3.0,726,0.8724,0.8716,1219.67,1242.61,304.8528,0.0,
Gardner_statements_wordcount__4b_sent_var_ev3.0,726,0.8724,0.8716,1219.67,1242.61,304.8528,0.0,
Gardner_statements_wordcount__4b_sd_var_joint_ev3.0,726,0.8724,0.8716,1219.67,1242.61,304.8528,0.0,
Gardner_statements_wordcount__4b_consensus_ev3.0,726,0.8871,0.8857,1140.44,1186.31,186.5003,0.0,
Gardner_statements_wordcount__4b_consensus_matched_interactions_ev3.0,726,0.8826,0.8812,1168.71,1214.58,167.0088,0.0,
Gardner_statements_wordcount__4c_all_topics_ev3.0,726,0.8744,0.8728,1217.85,1263.73,145.3791,0.0,
Gardner_statements_wordcount__4d_topic_pca_ev3.0,726,0.8743,0.8729,1216.39,1257.68,157.5491,0.0,,4d,3.0
Gardner_statements_wordcount__4e_total_interactions_ev3.0,726,0.8913,0.89,1112.76,1158.64,169.8365,0.0,
Gardner_statements_wordcount__4f_matched_interactions_ev3.0,726,0.882,0.8805,1172.93,1218.8,170.6106,0.0,
Gardner_statements_wordcount__4g_novelty_ev3.0,725,0.8739,0.8723,1218.08,1263.94,134.9435,0.0,
Gardner_statements_zscore__4a_total_sent_ev1.0,726,0.8806,0.8797,1173.48,1201.0,267.6453,0.0,
Gardner_statements_zscore__4b_sent_sd_ev1.0,726,0.8724,0.8716,1219.67,1242.61,304.8528,0.0,
Gardner_statements_zscore__4b_sent_var_ev1.0,726,0.8724,0.8716,1219.67,1242.61,304.8528,0.0,
Gardner_statements_zscore__4b_sd_var_joint_ev1.0,726,0.8724,0.8716,1219.67,1242.61,304.8528,0.0,
Gardner_statements_zscore__4b_consensus_ev1.0,726,0.8972,0.8959,1072.62,1118.49,224.8195,0.0,
Gardner_statements_zscore__4b_consensus_matched_interactions_ev1.0,726,0.8889,0.8875,1129.2,1175.08,225.1164,0.0,
Gardner_statements_zscore__4c_all_topics_ev1.0,726,0.8861,0.8847,1146.73,1192.61,168.1502,0.0,
Gardner_statements_zscore__4d_topic_pca_ev1.0,726,0.8861,0.8849,1144.74,1186.02,181.4569,0.0,,4d,1.0
Gardner_statements_zscore__4e_total_interactions_ev1.0,726,0.91,0.9089,975.9,1021.78,211.3779,0.0,
Gardner_statements_zscore__4f_matched_interactions_ev1.0,726,0.8957,0.8944,1083.01,1128.88,182.6941,0.0,
Gardner_statements_zscore__4g_novelty_ev1.0,725,0.8742,0.8724,1218.75,1269.19,120.2242,0.0,
Gardner_statements_zscore__4a_total_sent_ev1.5,726,0.8806,0.8797,1173.48,1201.0,267.6453,0.0,
Gardner_statements_zscore__4b_sent_sd_ev1.5,726,0.8724,0.8716,1219.67,1242.61,304.8528,0.0,
Gardner_statements_zscore__4b_sent_var_ev1.5,726,0.8724,0.8716,1219.67,1242.61,304.8528,0.0,
Gardner_statements_zscore__4b_sd_var_joint_ev1.5,726,0.8724,0.8716,1219.67,1242.61,304.8528,0.0,
Gardner_statements_zscore__4b_consensus_ev1.5,726,0.8972,0.8959,1072.62,1118.49,224.8195,0.0,
Gardner_statements_zscore__4b_consensus_matched_interactions_ev1.5,726,0.8889,0.8875,1129.2,1175.08,225.1164,0.0,
Gardner_statements_zscore__4c_all_topics_ev1.5,726,0.8861,0.8847,1146.73,1192.61,168.1502,0.0,
Gardner_statements_zscore__4d_topic_pca_ev1.5,726,0.8861,0.8849,1144.74,1186.02,181.4569,0.0,,4d,1.5
Gardner_statements_zscore__4e_total_interactions_ev1.5,726,0.91,0.9089,975.9,1021.78,211.3779,0.0,
Gardner_statements_zscore__4f_matched_interactions_ev1.5,726,0.8957,0.8944,1083.01,1128.88,182.6941,0.0,
Gardner_statements_zscore__4g_novelty_ev1.5,725,0.8742,0.8724,1218.75,1269.19,120.2242,0.0,
Gardner_statements_zscore__4a_total_sent_ev2.0,726,0.8806,0.8797,1173.48,1201.0,267.6453,0.0,
Gardner_statements_zscore__4b_sent_sd_ev2.0,726,0.8724,0.8716,1219.67,1242.61,304.8528,0.0,
Gardner_statements_zscore__4b_sent_var_ev2.0,726,0.8724,0.8716,1219.67,1242.61,304.8528,0.0,
Gardner_statements_zscore__4b_sd_var_joint_ev2.0,726,0.8724,0.8716,1219.67,1242.61,304.8528,0.0,
Gardner_statements_zscore__4b_consensus_ev2.0,726,0.8972,0.8959,1072.62,1118.49,224.8195,0.0,
Gardner_statements_zscore__4b_consensus_matched_interactions_ev2.0,726,0.8889,0.8875,1129.2,1175.08,225.1164,0.0,
Gardner_statements_zscore__4c_all_topics_ev2.0,726,0.8861,0.8847,1146.73,1192.61,168.1502,0.0,
Gardner_statements_zscore__4d_topic_pca_ev2.0,726,0.8861,0.8849,1144.74,1186.02,181.4569,0.0,,4d,2.0
Gardner_statements_zscore__4e_total_interactions_ev2.0,726,0.91,0.9089,975.9,1021.78,211.3779,0.0,
Gardner_statements_zscore__4f_matched_interactions_ev2.0,726,0.8957,0.8944,1083.01,1128.88,182.6941,0.0,
Gardner_statements_zscore__4g_novelty_ev2.0,725,0.8742,0.8724,1218.75,1269.19,120.2242,0.0,
Gardner_statements_zscore__4a_total_sent_ev2.5,726,0.8806,0.8797,1173.48,1201.0,267.6453,0.0,
Gardner_statements_zscore__4b_sent_sd_ev2.5,726,0.8724,0.8716,1219.67,1242.61,304.8528,0.0,
Gardner_statements_zscore__4b_sent_var_ev2.5,726,0.8724,0.8716,1219.67,1242.61,304.8528,0.0,
Gardner_statements_zscore__4b_sd_var_joint_ev2.5,726,0.8724,0.8716,1219.67,1242.61,304.8528,0.0,
Gardner_statements_zscore__4b_consensus_ev2.5,726,0.8972,0.8959,1072.62,1118.49,224.8195,0.0,
Gardner_statements_zscore__4b_consensus_matched_interactions_ev2.5,726,0.8889,0.8875,1129.2,1175.08,225.1164,0.0,
Gardner_statements_zscore__4c_all_topics_ev2.5,726,0.8861,0.8847,1146.73,1192.61,168.1502,0.0,
Gardner_statements_zscore__4d_topic_pca_ev2.5,726,0.8861,0.8849,1144.74,1186.02,181.4569,0.0,,4d,2.5
Gardner_statements_zscore__4e_total_interactions_ev2.5,726,0.91,0.9089,975.9,1021.78,211.3779,0.0,
Gardner_statements_zscore__4f_matched_interactions_ev2.5,726,0.8957,0.8944,1083.01,1128.88,182.6941,0.0,
Gardner_statements_zscore__4g_novelty_ev2.5,725,0.8742,0.8724,1218.75,1269.19,120.2242,0.0,
Gardner_statements_zscore__4a_total_sent_ev3.0,726,0.8806,0.8797,1173.48,1201.0,267.6453,0.0,
Gardner_statements_zscore__4b_sent_sd_ev3.0,726,0.8724,0.8716,1219.67,1242.61,304.8528,0.0,
Gardner_statements_zscore__4b_sent_var_ev3.0,726,0.8724,0.8716,1219.67,1242.61,304.8528,0.0,
Gardner_statements_zscore__4b_sd_var_joint_ev3.0,726,0.8724,0.8716,1219.67,1242.61,304.8528,0.0,
Gardner_statements_zscore__4b_consensus_ev3.0,726,0.8972,0.8959,1072.62,1118.49,224.8195,0.0,
Gardner_statements_zscore__4b_consensus_matched_interactions_ev3.0,726,0.8889,0.8875,1129.2,1175.08,225.1164,0.0,
Gardner_statements_zscore__4c_all_topics_ev3.0,726,0.8861,0.8847,1146.73,1192.61,168.1502,0.0,
Gardner_statements_zscore__4d_topic_pca_ev3.0,726,0.8861,0.8849,1144.74,1186.02,181.4569,0.0,,4d,3.0
Gardner_statements_zscore__4e_total_interactions_ev3.0,726,0.91,0.9089,975.9,1021.78,211.3779,0.0,
Gardner_statements_zscore__4f_matched_interactions_ev3.0,726,0.8957,0.8944,1083.01,1128.88,182.6941,0.0,
Gardner_statements_zscore__4g_novelty_ev3.0,725,0.8742,0.8724,1218.75,1269.19,120.2242,0.0,
Sharpe_statements_wordcount__4a_total_sent_ev1.0,726,0.8728,0.872,1218.95,1246.47,246.8663,0.0,
Sharpe_statements_wordcount__4b_sent_sd_ev1.0,726,0.8724,0.8716,1219.67,1242.61,304.8528,0.0,
Sharpe_statements_wordcount__4b_sent_var_ev1.0,726,0.8724,0.8716,1219.67,1242.61,304.8528,0.0,
Sharpe_statements_wordcount__4b_sd_var_joint_ev1.0,726,0.8724,0.8716,1219.67,1242.61,304.8528,0.0,
Sharpe_statements_wordcount__4b_consensus_ev1.0,726,0.8744,0.8735,1210.2,1237.72,247.9671,0.0,
Sharpe_statements_wordcount__4e_total_interactions_ev1.0,726,0.9099,0.9088,976.8,1022.67,225.6072,0.0,
Sharpe_statements_wordcount__4f_matched_interactions_ev1.0,726,0.8724,0.8716,1219.67,1242.61,304.8528,0.0,
Sharpe_statements_wordcount__4g_novelty_ev1.0,725,0.873,0.8722,1215.11,1242.63,245.3321,0.0,
Sharpe_statements_wordcount__4a_total_sent_ev1.5,726,0.8728,0.872,1218.95,1246.47,246.8663,0.0,
Sharpe_statements_wordcount__4b_sent_sd_ev1.5,726,0.8724,0.8716,1219.67,1242.61,304.8528,0.0,
Sharpe_statements_wordcount__4b_sent_var_ev1.5,726,0.8724,0.8716,1219.67,1242.61,304.8528,0.0,
Sharpe_statements_wordcount__4b_sd_var_joint_ev1.5,726,0.8724,0.8716,1219.67,1242.61,304.8528,0.0,
Sharpe_statements_wordcount__4b_consensus_ev1.5,726,0.8744,0.8735,1210.2,1237.72,247.9671,0.0,
Sharpe_statements_wordcount__4e_total_interactions_ev1.5,726,0.9099,0.9088,976.8,1022.67,225.6072,0.0,
Sharpe_statements_wordcount__4f_matched_interactions_ev1.5,726,0.8724,0.8716,1219.67,1242.61,304.8528,0.0,
Sharpe_statements_wordcount__4g_novelty_ev1.5,725,0.873,0.8722,1215.11,1242.63,245.3321,0.0,
Sharpe_statements_wordcount__4a_total_sent_ev2.0,726,0.8728,0.872,1218.95,1246.47,246.8663,0.0,
Sharpe_statements_wordcount__4b_sent_sd_ev2.0,726,0.8724,0.8716,1219.67,1242.61,304.8528,0.0,
Sharpe_statements_wordcount__4b_sent_var_ev2.0,726,0.8724,0.8716,1219.67,1242.61,304.8528,0.0,
Sharpe_statements_wordcount__4b_sd_var_joint_ev2.0,726,0.8724,0.8716,1219.67,1242.61,304.8528,0.0,
Sharpe_statements_wordcount__4b_consensus_ev2.0,726,0.8744,0.8735,1210.2,1237.72,247.9671,0.0,
Sharpe_statements_wordcount__4e_total_interactions_ev2.0,726,0.9099,0.9088,976.8,1022.67,225.6072,0.0,
Sharpe_statements_wordcount__4f_matched_interactions_ev2.0,726,0.8724,0.8716,1219.67,1242.61,304.8528,0.0,
Sharpe_statements_wordcount__4g_novelty_ev2.0,725,0.873,0.8722,1215.11,1242.63,245.3321,0.0,
Sharpe_statements_wordcount__4a_total_sent_ev2.5,726,0.8728,0.872,1218.95,1246.47,246.8663,0.0,
Sharpe_statements_wordcount__4b_sent_sd_ev2.5,726,0.8724,0.8716,1219.67,1242.61,304.8528,0.0,
Sharpe_statements_wordcount__4b_sent_var_ev2.5,726,0.8724,0.8716,1219.67,1242.61,304.8528,0.0,
Sharpe_statements_wordcount__4b_sd_var_joint_ev2.5,726,0.8724,0.8716,1219.67,1242.61,304.8528,0.0,
Sharpe_statements_wordcount__4b_consensus_ev2.5,726,0.8744,0.8735,1210.2,1237.72,247.9671,0.0,
Sharpe_statements_wordcount__4e_total_interactions_ev2.5,726,0.9099,0.9088,976.8,1022.67,225.6072,0.0,
Sharpe_statements_wordcount__4f_matched_interactions_ev2.5,726,0.8724,0.8716,1219.67,1242.61,304.8528,0.0,
Sharpe_statements_wordcount__4g_novelty_ev2.5,725,0.873,0.8722,1215.11,1242.63,245.3321,0.0,
Sharpe_statements_wordcount__4a_total_sent_ev3.0,726,0.8728,0.872,1218.95,1246.47,246.8663,0.0,
Sharpe_statements_wordcount__4b_sent_sd_ev3.0,726,0.8724,0.8716,1219.67,1242.61,304.8528,0.0,
Sharpe_statements_wordcount__4b_sent_var_ev3.0,726,0.8724,0.8716,1219.67,1242.61,304.8528,0.0,
Sharpe_statements_wordcount__4b_sd_var_joint_ev3.0,726,0.8724,0.8716,1219.67,1242.61,304.8528,0.0,
Sharpe_statements_wordcount__4b_consensus_ev3.0,726,0.8744,0.8735,1210.2,1237.72,247.9671,0.0,
Sharpe_statements_wordcount__4e_total_interactions_ev3.0,726,0.9099,0.9088,976.8,1022.67,225.6072,0.0,
Sharpe_statements_wordcount__4f_matched_interactions_ev3.0,726,0.8724,0.8716,1219.67,1242.61,304.8528,0.0,
Sharpe_statements_wordcount__4g_novelty_ev3.0,725,0.873,0.8722,1215.11,1242.63,245.3321,0.0,
Sharpe_statements_zscore__4a_total_sent_ev1.0,726,0.8813,0.8805,1169.01,1196.54,256.6996,0.0,
Sharpe_statements_zscore__4b_sent_sd_ev1.0,726,0.8724,0.8716,1219.67,1242.61,304.8528,0.0,
Sharpe_statements_zscore__4b_sent_var_ev1.0,726,0.8724,0.8716,1219.67,1242.61,304.8528,0.0,
Sharpe_statements_zscore__4b_sd_var_joint_ev1.0,726,0.8724,0.8716,1219.67,1242.61,304.8528,0.0,
Sharpe_statements_zscore__4b_consensus_ev1.0,726,0.8739,0.873,1212.92,1240.44,244.1039,0.0,
Sharpe_statements_zscore__4e_total_interactions_ev1.0,726,0.908,0.9069,991.7,1037.58,316.023,0.0,
Sharpe_statements_zscore__4f_matched_interactions_ev1.0,726,0.8724,0.8716,1219.67,1242.61,304.8528,0.0,
Sharpe_statements_zscore__4g_novelty_ev1.0,725,0.873,0.8721,1215.37,1242.89,242.9237,0.0,
Sharpe_statements_zscore__4a_total_sent_ev1.5,726,0.8813,0.8805,1169.01,1196.54,256.6996,0.0,
Sharpe_statements_zscore__4b_sent_sd_ev1.5,726,0.8724,0.8716,1219.67,1242.61,304.8528,0.0,
Sharpe_statements_zscore__4b_sent_var_ev1.5,726,0.8724,0.8716,1219.67,1242.61,304.8528,0.0,
Sharpe_statements_zscore__4b_sd_var_joint_ev1.5,726,0.8724,0.8716,1219.67,1242.61,304.8528,0.0,
Sharpe_statements_zscore__4b_consensus_ev1.5,726,0.8739,0.873,1212.92,1240.44,244.1039,0.0,
Sharpe_statements_zscore__4e_total_interactions_ev1.5,726,0.908,0.9069,991.7,1037.58,316.023,0.0,
Sharpe_statements_zscore__4f_matched_interactions_ev1.5,726,0.8724,0.8716,1219.67,1242.61,304.8528,0.0,
Sharpe_statements_zscore__4g_novelty_ev1.5,725,0.873,0.8721,1215.37,1242.89,242.9237,0.0,
Sharpe_statements_zscore__4a_total_sent_ev2.0,726,0.8813,0.8805,1169.01,1196.54,256.6996,0.0,
Sharpe_statements_zscore__4b_sent_sd_ev2.0,726,0.8724,0.8716,1219.67,1242.61,304.8528,0.0,
Sharpe_statements_zscore__4b_sent_var_ev2.0,726,0.8724,0.8716,1219.67,1242.61,304.8528,0.0,
Sharpe_statements_zscore__4b_sd_var_joint_ev2.0,726,0.8724,0.8716,1219.67,1242.61,304.8528,0.0,
Sharpe_statements_zscore__4b_consensus_ev2.0,726,0.8739,0.873,1212.92,1240.44,244.1039,0.0,
Sharpe_statements_zscore__4e_total_interactions_ev2.0,726,0.908,0.9069,991.7,1037.58,316.023,0.0,
Sharpe_statements_zscore__4f_matched_interactions_ev2.0,726,0.8724,0.8716,1219.67,1242.61,304.8528,0.0,
Sharpe_statements_zscore__4g_novelty_ev2.0,725,0.873,0.8721,1215.37,1242.89,242.9237,0.0,
Sharpe_statements_zscore__4a_total_sent_ev2.5,726,0.8813,0.8805,1169.01,1196.54,256.6996,0.0,
Sharpe_statements_zscore__4b_sent_sd_ev2.5,726,0.8724,0.8716,1219.67,1242.61,304.8528,0.0,
Sharpe_statements_zscore__4b_sent_var_ev2.5,726,0.8724,0.8716,1219.67,1242.61,304.8528,0.0,
Sharpe_statements_zscore__4b_sd_var_joint_ev2.5,726,0.8724,0.8716,1219.67,1242.61,304.8528,0.0,
Sharpe_statements_zscore__4b_consensus_ev2.5,726,0.8739,0.873,1212.92,1240.44,244.1039,0.0,
Sharpe_statements_zscore__4e_total_interactions_ev2.5,726,0.908,0.9069,991.7,1037.58,316.023,0.0,
Sharpe_statements_zscore__4f_matched_interactions_ev2.5,726,0.8724,0.8716,1219.67,1242.61,304.8528,0.0,
Sharpe_statements_zscore__4g_novelty_ev2.5,725,0.873,0.8721,1215.37,1242.89,242.9237,0.0,
Sharpe_statements_zscore__4a_total_sent_ev3.0,726,0.8813,0.8805,1169.01,1196.54,256.6996,0.0,
Sharpe_statements_zscore__4b_sent_sd_ev3.0,726,0.8724,0.8716,1219.67,1242.61,304.8528,0.0,
Sharpe_statements_zscore__4b_sent_var_ev3.0,726,0.8724,0.8716,1219.67,1242.61,304.8528,0.0,
Sharpe_statements_zscore__4b_sd_var_joint_ev3.0,726,0.8724,0.8716,1219.67,1242.61,304.8528,0.0,
Sharpe_statements_zscore__4b_consensus_ev3.0,726,0.8739,0.873,1212.92,1240.44,244.1039,0.0,
Sharpe_statements_zscore__4e_total_interactions_ev3.0,726,0.908,0.9069,991.7,1037.58,316.023,0.0,
Sharpe_statements_zscore__4f_matched_interactions_ev3.0,726,0.8724,0.8716,1219.67,1242.61,304.8528,0.0,
Sharpe_statements_zscore__4g_novelty_ev3.0,725,0.873,0.8721,1215.37,1242.89,242.9237,0.0,
