t,date,y,yh,yh_b,hi_flag_elevated_wid,hi_flag_skew_up,hi_flag_skew_down,loss_diff_flag_elevated_wid,loss_diff_flag_skew_up,loss_diff_flag_skew_down
75,2016-07-27,0.010000000000000009,0.05785625873567636,0.14210021020918104,False,False,False,0.015160244037133817,0.015160244037133817,0.015160244037133817
76,2016-09-21,0.009999999999999953,0.12989015488142777,0.13468206576112376,True,True,True,0.0011719682849684523,0.0011719682849684523,0.0011719682849684523
77,2016-11-02,0.13000000000000006,-0.005578211498528249,0.11994750184179118,True,True,True,-0.018280398713918882,-0.018280398713918882,-0.018280398713918882
78,2016-12-14,0.12,0.07871322640131281,0.15226322068347525,True,True,True,-0.0006636822653186274,-0.0006636822653186274,-0.0006636822653186274
79,2017-02-01,0.13,0.08070364674385615,0.13589409900192795,True,True,False,-0.002395390041309997,-0.002395390041309997,-0.002395390041309997
80,2017-03-15,0.12,0.08520907050241638,0.14811788927358488,True,True,True,-0.00041979307810425365,-0.00041979307810425365,-0.00041979307810425365
81,2017-05-03,0.13,0.004910216071543303,0.13538111458354282,False,False,False,-0.01561849764910677,-0.01561849764910677,-0.01561849764910677
82,2017-06-14,0.10999999999999988,0.08898426834580188,0.13794694895830326,False,True,False,0.00033937097911675466,0.00033937097911675466,0.00033937097911675466
83,2017-07-26,0.0,0.02858266968255416,0.12070015946701997,False,False,True,0.013751559489182049,0.013751559489182049,0.013751559489182049
84,2017-09-20,0.010000000000000009,0.06583490518954518,0.12371218369123949,True,True,False,0.009812924082304691,0.009812924082304691,0.009812924082304691
85,2017-11-01,0.14000000000000012,0.06639179354239638,0.12768494132278754,True,True,True,-0.005266507387682028,-0.005266507387682028,-0.005266507387682028
86,2017-12-13,0.10999999999999988,0.10537212842663637,0.12840015359190596,False,True,True,0.0003171484569061883,0.0003171484569061883,0.0003171484569061883
87,2018-01-31,0.10000000000000009,0.005856463182633099,0.10846845377090036,False,False,False,-0.00879129081521306,-0.00879129081521306,-0.00879129081521306
88,2018-03-21,0.18999999999999995,-0.030308548840372245,0.11411127392020935,False,True,False,-0.04277675794613716,-0.04277675794613716,-0.04277675794613716
89,2018-05-02,0.1200000000000001,-0.007255919843316663,0.13713582817434095,True,False,False,-0.01590043252794813,-0.01590043252794813,-0.01590043252794813
90,2018-06-13,0.08999999999999986,0.06498566952697818,0.1463704118132875,False,False,True,0.0025519065989860978,0.0025519065989860978,0.0025519065989860978
91,2018-08-01,0.040000000000000036,0.06077702700388225,0.17135751366642926,False,False,False,0.01682311154550609,0.01682311154550609,0.01682311154550609
92,2018-09-26,0.2500000000000002,0.07522635350276471,0.14277510819836162,False,True,False,-0.019048650088067536,-0.019048650088067536,-0.019048650088067536
93,2018-11-08,0.06999999999999984,0.02280712757154579,0.1388698839003789,True,True,False,0.0025158937004033538,0.0025158937004033538,0.0025158937004033538
94,2018-12-19,0.1299999999999999,-0.0018263911574212602,0.08328188618742786,True,False,True,-0.015195615247384971,-0.015195615247384971,-0.015195615247384971
95,2019-01-30,0.010000000000000231,0.04512462466169747,0.10718323757015723,False,False,False,0.008210842406992465,0.008210842406992465,0.008210842406992465
96,2019-03-20,-0.020000000000000018,-0.0025486563960474135,0.12177566236262544,True,False,True,0.019795789044777957,0.019795789044777957,0.019795789044777957
97,2019-05-01,-0.010000000000000231,0.07036265671035397,0.10239820994613508,True,False,False,0.0061752010055492745,0.0061752010055492745,0.0061752010055492745
98,2019-06-19,0.020000000000000018,-0.05728434569643653,0.09731256893408742,True,False,True,4.363225461705145e-06,4.363225461705145e-06,4.363225461705145e-06
99,2019-07-31,-0.3599999999999999,0.0037371006484630404,0.10449183077096344,True,False,True,0.0834479824648112,0.0834479824648112,0.0834479824648112
100,2019-09-18,-0.20999999999999996,0.06281313222390314,0.07939380878113284,False,False,True,0.009321771447034,0.009321771447034,0.009321771447034
101,2019-10-30,-0.28,0.04690127739532652,0.08699156512113825,True,False,True,0.027818363707366442,0.027818363707366442,0.027818363707366442
102,2019-12-11,0.0,-0.02480420820609261,0.052381172876944264,False,False,True,0.0021285385272331297,0.0021285385272331297,0.0021285385272331297
103,2020-01-29,-0.9,0.00829491152280595,0.05952973673878238,False,False,False,0.09569766938777513,0.09569766938777513,0.09569766938777513
104,2020-03-03,0.0,-0.2982339990766901,-0.21276490102428075,False,False,False,-0.04367461509740323,-0.04367461509740323,-0.04367461509740323
105,2020-03-15,-0.15000000000000002,-0.3656757780173682,-0.23765452963537637,False,False,False,-0.038832724657798016,-0.038832724657798016,-0.038832724657798016
106,2020-04-29,-0.09999999999999998,-0.11217625868253228,-0.4425674883280072,False,False,True,0.11720422278385541,0.11720422278385541,0.11720422278385541
107,2020-06-10,-0.15000000000000002,-0.22770841130635727,-0.12756086132520364,False,False,False,-0.0055350822432912485,-0.0055350822432912485,-0.0055350822432912485
108,2020-07-29,-0.16999999999999998,-0.17779249730610375,-0.11208698806620179,True,False,True,0.0032931939369786178,0.0032931939369786178,0.0032931939369786178
109,2020-09-16,-0.31,-0.18141754621733067,-0.08485591514296642,False,False,True,0.03415641152533884,0.03415641152533884,0.03415641152533884
110,2020-11-05,-0.05999999999999997,-0.25887924510005866,-0.04865085566822089,True,False,True,-0.03942415105450567,-0.03942415105450567,-0.03942415105450567
111,2020-12-16,-0.13,-0.11364713747960457,-0.0020057403043275378,False,False,True,0.01611511440243229,0.01611511440243229,0.01611511440243229
112,2021-01-27,-1.1400000000000001,-0.21593571387022067,-0.09304326598920407,False,False,False,0.24222359799001403,0.24222359799001403,0.24222359799001403
113,2021-03-17,-0.24,-0.21973788014600534,0.03387766985550961,True,True,False,0.07459842454450587,0.07459842454450587,0.07459842454450587
114,2021-04-28,-0.030000000000000027,-0.0010647722583166461,0.048713191432608216,True,True,True,0.005358519101043348,0.005358519101043348,0.005358519101043348
115,2021-06-16,-0.05999999999999983,-0.14619452511386669,0.05191922411755944,True,True,True,0.00509641656747144,0.00509641656747144,0.00509641656747144
116,2021-07-28,0.07999999999999985,0.052900872572723995,0.0363948778826196,False,True,False,0.0011670439675519097,0.0011670439675519097,0.0011670439675519097
117,2021-09-22,-0.040000000000000036,0.03263040459449018,0.04619756321566775,False,True,False,0.0021548442327597,0.0021548442327597,0.0021548442327597
118,2021-11-03,0.7000000000000002,0.15196028300199266,0.09177599356874061,True,True,False,0.0695889105920367,0.0695889105920367,0.0695889105920367
119,2021-12-15,0.95,0.3109382336963228,0.19295887261386255,False,True,False,0.16471132740289823,0.16471132740289823,0.16471132740289823
120,2022-01-26,0.41000000000000003,0.4023690801898494,0.265710768130016,False,False,False,0.020761151496481074,0.020761151496481074,0.020761151496481074
121,2022-03-16,0.56,0.7074652582818601,0.3657304340227401,True,True,False,0.015994661864857262,0.015994661864857262,0.015994661864857262
122,2022-05-04,0.43999999999999995,0.5488715275374004,0.2839515899899695,True,True,False,0.01249809675833162,0.01249809675833162,0.01249809675833162
123,2022-06-15,0.47,0.3339020584537944,0.2304475014979701,True,True,False,0.03886274984545063,0.03886274984545063,0.03886274984545063
124,2022-07-27,0.8800000000000001,0.36502322327927306,0.2255721532239797,False,True,True,0.16307472607422885,0.16307472607422885,0.16307472607422885
125,2022-09-21,1.2199999999999998,0.4556112012885017,0.23126658383451923,True,True,False,0.3933035326466541,0.3933035326466541,0.3933035326466541
126,2022-11-02,0.31999999999999984,0.4846941791522907,0.2729235047180936,True,True,True,-0.024907976238619532,-0.024907976238619532,-0.024907976238619532
127,2022-12-14,0.47000000000000064,0.4208814884091117,0.21562229434137323,True,True,True,0.062295388955242975,0.062295388955242975,0.062295388955242975
128,2023-02-01,0.08000000000000007,0.2785394432206577,0.17759548989294738,False,True,False,-0.029893030866924363,-0.029893030866924363,-0.029893030866924363
129,2023-03-22,0.40999999999999925,0.35647954032499274,0.2043217810650114,True,True,True,0.0394390901404448,0.0394390901404448,0.0394390901404448
130,2023-05-03,0.020000000000000462,0.19314139177558706,0.208267737149198,True,True,True,0.005466799305292168,0.005466799305292168,0.005466799305292168
131,2023-06-14,0.040000000000000036,0.23283835864118796,0.15399603721639168,True,True,True,-0.02419153606238647,-0.02419153606238647,-0.02419153606238647
132,2023-07-26,0.20999999999999996,0.18169779831557012,0.19238141259237468,True,True,True,-0.0004905999979460114,-0.0004905999979460114,-0.0004905999979460114
133,2023-09-20,0.0,0.011377579989070422,0.05420561849191611,True,True,False,0.002808799749683462,0.002808799749683462,0.002808799749683462
134,2023-11-01,0.0,0.22786700308685248,0.029435128766192965,True,True,True,-0.05105694429030128,-0.05105694429030128,-0.05105694429030128
135,2023-12-13,0.0,0.03993134403027869,0.001413859824473375,True,True,True,-0.0015925132364612137,-0.0015925132364612137,-0.0015925132364612137
136,2024-01-31,0.0,-0.15255730322346486,-0.07410022712608982,False,True,False,-0.017782887106678105,-0.017782887106678105,-0.017782887106678105
137,2024-03-20,0.0,-0.055532074369895226,-0.09839844904741935,True,True,True,0.006598443491114006,0.006598443491114006,0.006598443491114006
138,2024-05-01,0.0,0.0425049491844145,-0.07167404970388046,True,True,True,0.003330498695784668,0.003330498695784668,0.003330498695784668
139,2024-06-12,0.0,-0.13530287509761516,-0.0585207360321765,True,True,True,-0.014882191463933166,-0.014882191463933166,-0.014882191463933166
140,2024-07-31,-0.20000000000000018,-0.1306448526258938,-0.03614658798707328,True,True,True,0.022037804160993966,0.022037804160993966,0.022037804160993966
141,2024-09-18,-0.4900000000000002,-0.2639782524541337,-0.09100753815651012,False,False,False,0.10810915424424147,0.10810915424424147,0.10810915424424147
142,2024-11-07,-0.15999999999999925,-0.25164631978896096,-0.018931259752644536,True,True,True,0.011501341544115003,0.011501341544115003,0.011501341544115003
143,2024-12-18,-0.15000000000000036,-0.2982186775318307,-0.03703783126097711,True,False,False,-0.009208324803061142,-0.009208324803061142,-0.009208324803061142
144,2025-01-29,0.0,-0.19283045844802296,-0.07339131145338565,True,True,False,-0.03179730110842686,-0.03179730110842686,-0.03179730110842686
145,2025-03-19,0.0,0.021889024488210534,-0.07594049762804395,True,True,True,0.005287829786949467,0.005287829786949467,0.005287829786949467
146,2025-05-07,0.0,-0.15872796310290038,-0.05479877570897877,True,True,True,-0.022191660451592744,-0.022191660451592744,-0.022191660451592744
147,2025-06-18,0.0,-0.1312780647434161,-0.05033564141500159,True,True,True,-0.014700253486116928,-0.014700253486116928,-0.014700253486116928
148,2025-07-30,-0.11000000000000032,-0.0029034308256917045,-0.013467764462655935,True,True,False,-0.0021512026310701367,-0.0021512026310701367,-0.0021512026310701367
149,2025-09-17,-0.1299999999999999,-0.19820759229678908,0.002601872915718173,True,True,True,0.012930981053831227,0.012930981053831227,0.012930981053831227
150,2025-10-29,-0.36999999999999966,-0.17410816083679753,0.03728526926053709,True,True,True,0.12750767790588607,0.12750767790588607,0.12750767790588607
