series,adf_stat,adf_pvalue,adf_stationary,kpss_stat,kpss_pvalue,kpss_stationary,conclusion
sent_monetary_policy_minutes,-2.9461,0.0402,True,0.0868,0.1,True,conflicting
sent_monetary_policy_sd_minutes,-6.8124,0.0,True,0.17,0.1,True,conflicting
sent_inflation_minutes,-3.7133,0.0039,True,0.2232,0.1,True,conflicting
sent_inflation_sd_minutes,-6.6289,0.0,True,0.3309,0.1,True,conflicting
sent_labor_market_minutes,-2.2498,0.1887,False,0.3124,0.1,True,conflicting
sent_labor_market_sd_minutes,-6.1185,0.0,True,0.4439,0.0582,True,conflicting
sent_economic_activity_minutes,-4.3412,0.0004,True,0.1107,0.1,True,conflicting
sent_economic_activity_sd_minutes,-10.2438,0.0,True,0.5682,0.0263,False,conflicting
sent_financial_conditions_minutes,-3.6545,0.0048,True,0.2688,0.1,True,conflicting
sent_financial_conditions_sd_minutes,-8.5341,0.0,True,0.2159,0.1,True,conflicting
sent_macro_minutes,-4.3312,0.0004,True,0.2726,0.1,True,conflicting
sent_macro_sd_minutes,-7.1055,0.0,True,0.0537,0.1,True,conflicting
sent_total_minutes,-4.174,0.0007,True,0.0873,0.1,True,conflicting
sent_sd_minutes,-6.5827,0.0,True,0.3378,0.1,True,conflicting
sent_var_minutes,-6.246,0.0,True,0.329,0.1,True,conflicting
sent_monetary_policy_press_conference_prepared,-2.2326,0.1946,False,0.5347,0.0338,False,conflicting
sent_monetary_policy_sd_press_conference_prepared,-2.0444,0.2675,False,0.546,0.0313,False,conflicting
sent_inflation_press_conference_prepared,-1.7577,0.4017,False,0.9769,0.01,False,conflicting
sent_inflation_sd_press_conference_prepared,-5.0018,0.0,True,0.1255,0.1,True,conflicting
sent_labor_market_press_conference_prepared,-4.0226,0.0013,True,0.3083,0.1,True,conflicting
sent_labor_market_sd_press_conference_prepared,-2.2895,0.1754,False,0.4152,0.0706,True,conflicting
sent_economic_activity_press_conference_prepared,-6.4112,0.0,True,0.141,0.1,True,conflicting
sent_economic_activity_sd_press_conference_prepared,-6.4542,0.0,True,0.4449,0.0578,True,conflicting
sent_financial_conditions_press_conference_prepared,-3.1146,0.0255,True,0.2972,0.1,True,conflicting
sent_financial_conditions_sd_press_conference_prepared,-6.7348,0.0,True,0.2379,0.1,True,conflicting
sent_macro_press_conference_prepared,-6.8208,0.0,True,0.1853,0.1,True,conflicting
sent_macro_sd_press_conference_prepared,-8.1657,0.0,True,0.5687,0.0262,False,conflicting
sent_total_press_conference_prepared,-2.8723,0.0487,True,0.7405,0.01,False,conflicting
sent_sd_press_conference_prepared,-3.1458,0.0233,True,0.1148,0.1,True,conflicting
sent_var_press_conference_prepared,-3.1398,0.0237,True,0.107,0.1,True,conflicting
sent_monetary_policy_press_conference_qa,-7.0212,0.0,True,0.4034,0.0757,True,conflicting
sent_monetary_policy_sd_press_conference_qa,-8.0531,0.0,True,0.1342,0.1,True,conflicting
sent_inflation_press_conference_qa,-6.9081,0.0,True,0.2283,0.1,True,conflicting
sent_inflation_sd_press_conference_qa,-8.2314,0.0,True,0.5201,0.0371,False,conflicting
sent_labor_market_press_conference_qa,-7.7095,0.0,True,0.8924,0.01,False,conflicting
sent_labor_market_sd_press_conference_qa,-5.3985,0.0,True,0.1273,0.1,True,conflicting
sent_economic_activity_press_conference_qa,-10.2278,0.0,True,0.3395,0.1,True,conflicting
sent_economic_activity_sd_press_conference_qa,-8.5394,0.0,True,0.0628,0.1,True,conflicting
sent_financial_conditions_press_conference_qa,-8.6626,0.0,True,0.2911,0.1,True,conflicting
sent_financial_conditions_sd_press_conference_qa,-4.7975,0.0001,True,0.1216,0.1,True,conflicting
sent_macro_press_conference_qa,-9.3125,0.0,True,0.201,0.1,True,conflicting
sent_macro_sd_press_conference_qa,-7.2197,0.0,True,0.1491,0.1,True,conflicting
sent_total_press_conference_qa,-8.0432,0.0,True,0.7366,0.0102,False,conflicting
sent_sd_press_conference_qa,-6.4781,0.0,True,0.384,0.0841,True,conflicting
sent_var_press_conference_qa,-6.4698,0.0,True,0.3953,0.0792,True,conflicting
sent_monetary_policy_speech,-4.8064,0.0001,True,0.3544,0.0968,True,conflicting
sent_monetary_policy_sd_speech,-1.0699,0.7269,False,0.1718,0.1,True,conflicting
sent_inflation_speech,-4.5001,0.0002,True,0.3874,0.0826,True,conflicting
sent_inflation_sd_speech,-3.3374,0.0133,True,0.3716,0.0894,True,conflicting
sent_labor_market_speech,-2.7515,0.0655,False,0.123,0.1,True,conflicting
sent_labor_market_sd_speech,-2.478,0.1209,False,0.8023,0.01,False,conflicting
sent_economic_activity_speech,-6.4564,0.0,True,0.344,0.1,True,conflicting
sent_economic_activity_sd_speech,-1.3178,0.621,False,0.4768,0.0469,False,conflicting
sent_financial_conditions_speech,-2.2118,0.202,False,0.3503,0.0986,True,conflicting
sent_financial_conditions_sd_speech,-1.563,0.5021,False,1.1107,0.01,False,conflicting
sent_macro_speech,-7.9227,0.0,True,0.2457,0.1,True,conflicting
sent_macro_sd_speech,-3.1758,0.0214,True,0.1527,0.1,True,conflicting
sent_total_speech,-4.3909,0.0003,True,0.4903,0.0439,False,conflicting
sent_sd_speech,-13.9289,0.0,True,1.2171,0.01,False,conflicting
sent_var_speech,-2.965,0.0383,True,1.4589,0.01,False,conflicting
sent_monetary_policy_statement,-3.7156,0.0039,True,0.2133,0.1,True,conflicting
sent_monetary_policy_sd_statement,-3.3934,0.0112,True,0.2602,0.1,True,conflicting
sent_inflation_statement,-3.2434,0.0176,True,0.2101,0.1,True,conflicting
sent_inflation_sd_statement,-6.0041,0.0,True,0.403,0.0759,True,conflicting
sent_labor_market_statement,-3.0565,0.0299,True,0.343,0.1,True,conflicting
sent_labor_market_sd_statement,-2.8962,0.0458,True,0.8383,0.01,False,conflicting
sent_economic_activity_statement,-3.0583,0.0298,True,0.2359,0.1,True,conflicting
sent_economic_activity_sd_statement,-4.2826,0.0005,True,0.9705,0.01,False,conflicting
sent_financial_conditions_statement,-6.0941,0.0,True,0.3614,0.0938,True,conflicting
sent_financial_conditions_sd_statement,-5.5787,0.0,True,0.4921,0.0434,False,conflicting
sent_macro_statement,-5.0114,0.0,True,0.1198,0.1,True,conflicting
sent_macro_sd_statement,-5.2995,0.0,True,0.7311,0.0107,False,conflicting
sent_total_statement,-4.2725,0.0005,True,0.177,0.1,True,conflicting
sent_sd_statement,-7.9831,0.0,True,0.4494,0.0559,True,conflicting
sent_var_statement,-4.4069,0.0003,True,0.7321,0.0106,False,conflicting
sent_monetary_policy,-3.2869,0.0155,True,0.1628,0.1,True,conflicting
sent_monetary_policy_sd,-1.0085,0.7501,False,1.2054,0.01,False,conflicting
sent_inflation,-3.5695,0.0064,True,0.2039,0.1,True,conflicting
sent_inflation_sd,-2.8816,0.0475,True,1.0644,0.01,False,conflicting
sent_labor_market,-3.6842,0.0043,True,0.2306,0.1,True,conflicting
sent_labor_market_sd,-1.6724,0.4454,False,1.6094,0.01,False,conflicting
sent_economic_activity,-4.0611,0.0011,True,0.196,0.1,True,conflicting
sent_economic_activity_sd,-1.3995,0.5825,False,0.2898,0.1,True,conflicting
sent_financial_conditions,-2.1713,0.2168,False,0.2014,0.1,True,conflicting
sent_financial_conditions_sd,-3.0611,0.0296,True,0.0625,0.1,True,conflicting
sent_macro,-6.5603,0.0,True,0.27,0.1,True,conflicting
sent_macro_sd,-3.4237,0.0102,True,0.8617,0.01,False,conflicting
sent_total,-3.2558,0.017,True,0.2606,0.1,True,conflicting
sent_sd,-1.5047,0.5312,False,2.0071,0.01,False,conflicting
sent_var,-1.8877,0.3379,False,2.077,0.01,False,conflicting
