model,arch,test,n_obs,n_oos_exp,rmse_exp,base_rmse,imp_exp,dm_t_exp,dm_p_exp,sig_exp,rmse_oos60,dm_t_oos60,dm_p_oos60,sig_oos60,rmse_oos70,dm_t_oos70,dm_p_oos70,sig_oos70,rmse_oos80,dm_t_oos80,dm_p_oos80,sig_oos80,rmse_oos90,dm_t_oos90,dm_p_oos90,sig_oos90
LLM_base,joint_pca,DM,151,76,0.2826,0.2826,0.0,,,,0.3136,,,,0.313,,,,0.2645,,,,0.1681,,,
LLM_total,joint_pca,DM,151,76,0.2884,0.2826,-2.1,-0.7285,,,0.3207,-0.7971,,,0.3257,-1.1307,,,0.2781,-1.1742,,,0.2066,-2.276,,
LLM_total_inter,joint_pca,DM,151,76,0.3078,0.2826,-8.9,-1.2674,,,0.3408,-1.2266,,,0.3548,-1.5198,,,0.2755,-0.4226,,,0.1957,-1.0646,,
LLM_topics,joint_pca,DM,151,76,0.2444,0.2826,13.5,2.3345,0.0098,***,0.2683,2.6101,0.0045,***,0.2598,2.3456,0.0095,***,0.2113,1.4313,0.0762,*,0.1315,0.963,0.1678,
LLM_topics_matched,joint_pca,DM,151,76,0.2759,0.2826,2.3,0.2409,0.4048,,0.305,0.2775,0.3907,,0.3176,-0.1168,,,0.2761,-0.1705,,,0.1887,-0.4465,,
LLM_topics_inter,joint_pca,DM,151,76,0.3351,0.2826,-18.6,-1.204,,,0.3722,-1.2072,,,0.3922,-1.3093,,,0.3312,-0.854,,,0.2003,-0.7543,,
LLM_all_sent,joint_pca,DM,151,76,0.2428,0.2826,14.1,2.4189,0.0078,***,0.2668,2.6859,0.0036,***,0.2574,2.4431,0.0073,***,0.2096,1.4903,0.0681,*,0.1296,0.985,0.1623,
LLM_all_sent_inter,joint_pca,DM,151,76,0.3227,0.2826,-14.2,-0.9136,,,0.3575,-0.8912,,,0.3727,-0.9632,,,0.3543,-0.9441,,,0.2066,-0.8772,,
LLM_nest_total,nested,CW,151,76,0.2739,0.2826,3.1,3.3149,0.0005,***,0.3037,3.6014,0.0002,***,0.3022,3.2151,0.0007,***,0.2523,2.3437,0.0095,***,0.1522,1.4419,0.0747,*
LLM_nest_topics,nested,CW,151,76,0.2545,0.2826,9.9,3.245,0.0006,***,0.2821,3.324,0.0004,***,0.2802,3.141,0.0008,***,0.2267,2.2598,0.0119,**,0.1449,1.6945,0.0451,**
LLM_nest_matched,nested,CW,151,76,0.2808,0.2826,0.6,1.5232,0.0639,*,0.3117,1.5355,0.0623,*,0.3145,1.4304,,,0.2522,1.6034,0.0544,*,0.1889,1.2789,,
LLM_nest_total_ix,nested,CW,151,76,0.295,0.2826,-4.4,0.9363,,,0.326,0.9708,,,0.3287,0.8428,,,0.2398,1.8686,0.0308,**,0.1692,1.1849,,
Gardner_base,joint_pca,DM,151,76,0.2826,0.2826,0.0,,,,0.3136,,,,0.313,,,,0.2645,,,,0.1681,,,
Gardner_total,joint_pca,DM,151,76,0.2904,0.2826,-2.8,-0.7321,,,0.3233,-0.8199,,,0.339,-2.4447,,,0.3,-2.0231,,,0.2462,-2.0531,,
Gardner_total_inter,joint_pca,DM,151,76,0.3064,0.2826,-8.4,-1.3271,,,0.3396,-1.3035,,,0.3662,-3.126,,,0.341,-3.337,,,0.2615,-2.1546,,
Gardner_topics,joint_pca,DM,151,76,0.2996,0.2826,-6.0,-1.5339,,,0.3324,-1.5328,,,0.3467,-2.6888,,,0.3103,-2.5128,,,0.2523,-2.0758,,
Gardner_topics_matched,joint_pca,DM,151,76,0.2986,0.2826,-5.7,-0.7274,,,0.3313,-0.7162,,,0.3458,-1.0813,,,0.2728,-0.274,,,0.2064,-1.0366,,
Gardner_topics_inter,joint_pca,DM,151,76,0.315,0.2826,-11.5,-1.5278,,,0.3465,-1.3767,,,0.3603,-1.6245,,,0.3487,-1.9241,,,0.2076,-1.3707,,
Gardner_all_sent,joint_pca,DM,151,76,0.3075,0.2826,-8.8,-1.9228,,,0.3412,-1.9368,,,0.3575,-3.0591,,,0.3237,-3.1203,,,0.261,-2.4186,,
Gardner_all_sent_inter,joint_pca,DM,151,76,0.3183,0.2826,-12.7,-1.6019,,,0.3526,-1.5685,,,0.3688,-1.8756,,,0.3609,-2.2726,,,0.2215,-2.0897,,
Gardner_nest_total,nested,CW,151,76,0.2796,0.2826,1.1,1.2053,0.114,,0.3108,1.1113,0.1332,,0.3225,-0.4513,,,0.2727,-0.3038,,,0.1838,-0.317,,
Gardner_nest_topics,nested,CW,151,76,0.2873,0.2826,-1.7,1.2363,,,0.3187,0.9255,,,0.3156,1.1275,,,0.2596,1.0389,0.1494,,0.1696,0.2017,,
Gardner_nest_matched,nested,CW,151,76,0.2759,0.2826,2.4,2.616,0.0044,***,0.3063,2.5948,0.0047,***,0.3193,1.8408,,,0.2761,0.6046,,,0.1833,-0.027,,
Gardner_nest_total_ix,nested,CW,151,76,0.3486,0.2826,-23.4,1.6992,,,0.3828,1.7333,,,0.4101,1.3663,,,0.2676,1.9461,,,0.1835,0.6534,,
Sharpe_base,joint_pca,DM,151,76,0.2826,0.2826,0.0,,,,0.3136,,,,0.313,,,,0.2645,,,,0.1681,,,
Sharpe_total,joint_pca,DM,151,76,0.2848,0.2826,-0.8,-0.4189,,,0.3157,-0.3564,,,0.3205,-1.1404,,,0.2686,-0.3936,,,0.1922,-1.8268,,
Sharpe_total_inter,joint_pca,DM,151,76,0.3784,0.2826,-33.9,-1.2593,,,0.4211,-1.2705,,,0.4519,-1.278,,,0.3069,-1.8857,,,0.2339,-2.4994,,
Sharpe_topics,joint_pca,DM,151,76,0.2755,0.2826,2.5,1.4779,0.0697,*,0.3056,1.5246,0.0637,*,0.3075,0.9269,0.177,,0.2535,1.0955,0.1366,,0.1667,0.1379,0.4452,
Sharpe_topics_matched,joint_pca,DM,151,76,0.3042,0.2826,-7.7,-1.9178,,,0.3382,-2.0003,,,0.3462,-2.3037,,,0.3101,-2.4956,,,0.2043,-2.3846,,
Sharpe_topics_inter,joint_pca,DM,151,76,0.3907,0.2826,-38.3,-1.3818,,,0.4344,-1.3915,,,0.4661,-1.4015,,,0.4646,-1.2233,,,0.1757,-0.6763,,
Sharpe_all_sent,joint_pca,DM,151,76,0.2739,0.2826,3.1,1.5039,0.0663,*,0.3033,1.6393,0.0506,*,0.3048,1.1737,0.1203,,0.2521,1.0579,0.145,,0.1673,0.067,0.4733,
Sharpe_all_sent_inter,joint_pca,DM,151,76,0.4151,0.2826,-46.9,-1.5514,,,0.4614,-1.5641,,,0.499,-1.5759,,,0.4937,-1.3136,,,0.1752,-0.5821,,
Sharpe_nest_total,nested,CW,151,76,0.2856,0.2826,-1.1,-1.3446,,,0.3171,-1.655,,,0.3153,-0.9393,,,0.2652,0.0084,,,0.1706,-0.7902,,
Sharpe_nest_topics,nested,CW,151,76,0.288,0.2826,-1.9,-0.5336,,,0.3195,-0.695,,,0.3208,-0.7803,,,0.2729,-0.7928,,,0.1804,-1.2027,,
Sharpe_nest_matched,nested,CW,151,76,0.3183,0.2826,-12.7,-0.4004,,,0.3519,-0.4638,,,0.3389,-0.3493,,,0.2995,-0.6837,,,0.1728,1.7102,,
Sharpe_nest_total_ix,nested,CW,151,76,0.3406,0.2826,-20.5,-1.2235,,,0.3786,-1.2662,,,0.3925,-1.167,,,0.2739,0.1137,,,0.1629,0.6986,0.2424,
