date,event_type,effr,f1_price,f2_price,f1_rate,f2_rate,implied_ffr,kuttner_method
1999-02-03,meeting_date,4.76,95.275,95.24,4.725,4.76,4.7208,kuttner_f1
1999-03-30,meeting_date,4.81,95.185,95.23,4.815,4.77,4.77,kuttner_f2
1999-05-18,meeting_date,4.74,95.22,95.19,4.78,4.81,4.8354,kuttner_f1
1999-06-30,meeting_date,4.76,95.23,94.98,4.77,5.02,5.02,kuttner_f2
1999-08-24,meeting_date,5.07,94.935,94.74,5.065,5.26,5.0479,kuttner_f1
1999-10-05,meeting_date,5.2,94.74,94.67,5.26,5.33,5.2715,kuttner_f1
1999-11-16,meeting_date,5.42,94.615,94.5,5.385,5.5,5.345,kuttner_f1
1999-12-21,meeting_date,5.3,94.56,94.47,5.44,5.53,5.734,kuttner_f1
2000-02-02,meeting_date,5.73,94.24,94.125,5.76,5.875,5.7622,kuttner_f1
2000-03-21,meeting_date,5.85,94.155,93.985,5.845,6.015,5.8345,kuttner_f1
2000-05-16,meeting_date,6.27,93.745,93.475,6.255,6.525,6.239,kuttner_f1
2000-06-28,meeting_date,6.53,93.48,93.46,6.52,6.54,6.54,kuttner_f2
2000-08-22,meeting_date,6.5,93.51,93.475,6.49,6.525,6.4656,kuttner_f1
2000-10-03,meeting_date,6.51,93.505,93.505,6.495,6.495,6.4934,kuttner_f1
2000-11-15,meeting_date,6.51,93.485,93.525,6.515,6.475,6.52,kuttner_f1
2000-12-19,meeting_date,6.4,93.52,93.55,6.48,6.45,6.6067,kuttner_f1
2001-01-31,meeting_date,5.98,94.02,94.545,5.98,5.455,5.455,kuttner_f2
2001-03-20,meeting_date,5.31,94.715,95.11,5.285,4.89,5.2395,kuttner_f1
2001-05-15,meeting_date,4.21,95.775,96.01,4.225,3.99,4.2391,kuttner_f1
2001-06-27,meeting_date,3.97,96.03,96.265,3.97,3.735,3.735,kuttner_f2
2001-08-21,meeting_date,3.65,96.36,96.515,3.64,3.485,3.619,kuttner_f1
2001-10-02,meeting_date,2.49,97.5,97.67,2.5,2.33,2.5007,kuttner_f1
2001-11-06,meeting_date,2.09,97.915,98.135,2.085,1.865,2.0837,kuttner_f1
2001-12-11,meeting_date,1.82,98.195,98.26,1.805,1.74,1.7968,kuttner_f1
2002-01-30,meeting_date,1.73,98.27,98.26,1.73,1.74,1.74,kuttner_f2
2002-03-19,meeting_date,1.73,98.235,98.24,1.765,1.76,1.8204,kuttner_f1
2002-05-07,meeting_date,1.75,98.245,98.225,1.755,1.775,1.7565,kuttner_f1
2002-06-26,meeting_date,1.75,98.24,98.255,1.76,1.745,1.745,kuttner_f2
2002-08-13,meeting_date,1.74,98.275,98.31,1.725,1.69,1.7142,kuttner_f1
2002-09-24,meeting_date,1.75,98.26,98.29,1.74,1.71,1.7,kuttner_f1
2002-11-06,meeting_date,1.34,98.64,98.765,1.36,1.235,1.365,kuttner_f1
2002-12-10,meeting_date,1.24,98.77,98.765,1.23,1.235,1.2252,kuttner_f1
2003-01-29,meeting_date,1.24,98.765,98.77,1.235,1.23,1.23,kuttner_f2
2003-03-18,meeting_date,1.25,98.755,98.805,1.245,1.195,1.2381,kuttner_f1
2003-05-06,meeting_date,1.26,98.76,98.81,1.24,1.19,1.2352,kuttner_f1
2003-06-25,meeting_date,1.22,98.795,99.005,1.205,0.995,1.13,kuttner_f1
2003-08-12,meeting_date,1.03,99.0,98.995,1.0,1.005,0.9811,kuttner_f1
2003-09-16,meeting_date,1.01,98.995,98.99,1.005,1.01,0.9993,kuttner_f1
2003-10-28,meeting_date,1.01,98.985,98.99,1.015,1.01,1.01,kuttner_f2
2003-12-09,meeting_date,0.98,98.995,98.99,1.005,1.01,1.0152,kuttner_f1
2004-01-28,meeting_date,1.0,99.005,99.0,0.995,1.0,1.0,kuttner_f2
2004-03-16,meeting_date,1.0,98.995,99.0,1.005,1.0,1.0103,kuttner_f1
2004-05-04,meeting_date,1.0,98.985,98.98,1.015,1.02,1.0172,kuttner_f1
2004-06-30,meeting_date,1.03,98.975,98.74,1.025,1.26,1.26,kuttner_f2
2004-08-10,meeting_date,1.43,98.565,98.44,1.435,1.56,1.4374,kuttner_f1
2004-09-21,meeting_date,1.61,98.41,98.255,1.59,1.745,1.5433,kuttner_f1
2004-11-10,meeting_date,1.93,98.075,97.885,1.925,2.115,1.9225,kuttner_f1
2004-12-14,meeting_date,2.16,97.855,97.75,2.145,2.25,2.1326,kuttner_f1
2005-02-02,meeting_date,2.5,97.5,97.405,2.5,2.595,2.5,kuttner_f1
2005-03-22,meeting_date,2.63,97.385,97.23,2.615,2.77,2.5783,kuttner_f1
2005-05-03,meeting_date,3.0,97.0,96.965,3.0,3.035,3.0,kuttner_f1
2005-06-30,meeting_date,3.04,96.965,96.74,3.035,3.26,3.26,kuttner_f2
2005-08-09,meeting_date,3.5,96.535,96.385,3.465,3.615,3.4507,kuttner_f1
2005-09-20,meeting_date,3.62,96.39,96.235,3.61,3.765,3.59,kuttner_f1
2005-11-01,meeting_date,4.0,95.995,95.845,4.005,4.155,4.0052,kuttner_f1
2005-12-13,meeting_date,4.16,95.84,95.73,4.16,4.27,4.16,kuttner_f1
2006-01-31,meeting_date,4.29,95.72,95.505,4.28,4.495,4.495,kuttner_f2
2006-03-28,meeting_date,4.59,95.415,95.235,4.585,4.765,4.765,kuttner_f2
2006-05-10,meeting_date,4.94,95.045,94.975,4.955,5.025,4.9621,kuttner_f1
2006-06-29,meeting_date,4.99,94.995,94.735,5.005,5.265,5.265,kuttner_f2
2006-08-08,meeting_date,5.25,94.74,94.725,5.26,5.275,5.2635,kuttner_f1
2006-09-20,meeting_date,5.25,94.75,94.745,5.25,5.255,5.25,kuttner_f1
2006-10-25,meeting_date,5.25,94.75,94.755,5.25,5.245,5.25,kuttner_f1
2006-12-12,meeting_date,5.24,94.765,94.76,5.235,5.24,5.2318,kuttner_f1
2007-01-31,meeting_date,5.25,94.755,94.755,5.245,5.245,5.245,kuttner_f2
2007-03-21,meeting_date,5.26,94.75,94.755,5.25,5.245,5.229,kuttner_f1
2007-05-09,meeting_date,5.25,94.755,94.75,5.245,5.25,5.243,kuttner_f1
2007-06-28,meeting_date,5.25,94.75,94.755,5.25,5.245,5.245,kuttner_f2
2007-08-07,meeting_date,5.02,94.755,94.775,5.245,5.225,5.3106,kuttner_f1
2007-09-18,meeting_date,4.94,95.07,95.285,4.93,4.715,4.915,kuttner_f1
2007-10-31,meeting_date,4.76,95.25,95.505,4.75,4.495,4.495,kuttner_f2
2007-12-11,meeting_date,4.24,95.74,95.81,4.26,4.19,4.271,kuttner_f1
2008-01-30,meeting_date,3.94,96.07,97.04,3.93,2.96,2.96,kuttner_f2
2008-03-18,meeting_date,2.61,97.395,97.845,2.605,2.155,2.5981,kuttner_f1
2008-04-30,meeting_date,2.28,97.73,98.005,2.27,1.995,1.995,kuttner_f2
2008-06-25,meeting_date,2.0,98.0,97.985,2.0,2.015,2.0,kuttner_f1
2008-08-05,meeting_date,2.0,97.99,97.965,2.01,2.035,2.0119,kuttner_f1
2008-09-16,meeting_date,1.81,98.0525,98.08,1.9475,1.92,2.1046,kuttner_f1
2008-10-29,meeting_date,0.97,98.9925,99.175,1.0075,0.825,0.825,kuttner_f2
2008-12-16,meeting_date,0.16,99.8325,99.835,0.1675,0.165,0.1755,kuttner_f1
2009-01-28,meeting_date,0.15,99.8425,99.79,0.1575,0.21,0.21,kuttner_f2
2009-03-18,meeting_date,0.18,99.7975,99.78,0.2025,0.22,0.2337,kuttner_f1
2009-04-29,meeting_date,0.15,99.85,99.82,0.15,0.18,0.18,kuttner_f2
2009-06-24,meeting_date,0.21,99.785,99.78,0.215,0.22,0.235,kuttner_f1
2009-08-12,meeting_date,0.16,99.8325,99.82,0.1675,0.18,0.1722,kuttner_f1
2009-09-23,meeting_date,0.15,99.8425,99.83,0.1575,0.17,0.1821,kuttner_f1
2009-11-04,meeting_date,0.12,99.865,99.855,0.135,0.145,0.1373,kuttner_f1
2009-12-16,meeting_date,0.12,99.87,99.855,0.13,0.145,0.1407,kuttner_f1
2010-01-27,meeting_date,0.11,99.8875,99.865,0.1125,0.135,0.135,kuttner_f2
2010-03-16,meeting_date,0.16,99.8275,99.81,0.1725,0.19,0.1858,kuttner_f1
2010-04-28,meeting_date,0.2,99.8,99.785,0.2,0.215,0.215,kuttner_f2
2010-06-23,meeting_date,0.18,99.815,99.795,0.185,0.205,0.2014,kuttner_f1
2010-08-10,meeting_date,0.19,99.82,99.825,0.18,0.175,0.1752,kuttner_f1
2010-09-21,meeting_date,0.19,99.8075,99.81,0.1925,0.19,0.1983,kuttner_f1
2010-11-03,meeting_date,0.19,99.8125,99.82,0.1875,0.18,0.1872,kuttner_f1
2010-12-14,meeting_date,0.18,99.825,99.825,0.175,0.175,0.1709,kuttner_f1
2011-01-08,blackout_date,0.17,99.8225,99.82,0.1775,0.18,0.1775,f1_raw
2011-01-26,meeting_date,0.17,99.83,99.83,0.17,0.17,0.17,kuttner_f1
2011-02-16,minutes_date,0.16,99.8375,99.845,0.1625,0.155,0.1625,f1_raw
2011-03-04,blackout_date,0.14,99.85,99.86,0.15,0.14,0.15,f1_raw
2011-03-15,meeting_date,0.14,99.8575,99.86,0.1425,0.14,0.1448,kuttner_f1
2011-04-05,minutes_date,0.1,99.89,99.88,0.11,0.12,0.11,f1_raw
2011-04-14,blackout_date,0.1,99.9,99.895,0.1,0.105,0.1,f1_raw
2011-04-27,meeting_date,0.1,99.9,99.89,0.1,0.11,0.11,kuttner_f2
2011-05-18,minutes_date,0.09,99.9075,99.9,0.0925,0.1,0.0925,f1_raw
2011-06-14,blackout_date,0.09,99.9,99.895,0.1,0.105,0.1,f1_raw
2011-06-22,meeting_date,0.09,99.9025,99.895,0.0975,0.105,0.1181,kuttner_f1
2011-06-29,blackout_date,0.09,99.905,99.9,0.095,0.1,0.095,f1_raw
2011-07-13,minutes_date,0.07,99.9225,99.905,0.0775,0.095,0.0775,f1_raw
2011-08-09,meeting_date,0.1,99.9125,99.915,0.0875,0.085,0.0824,kuttner_f1
2011-08-30,minutes_date,0.1,99.9025,99.91,0.0975,0.09,0.0975,f1_raw
2011-09-15,blackout_date,0.08,99.915,99.925,0.085,0.075,0.085,f1_raw
2011-09-21,meeting_date,0.08,99.915,99.91,0.085,0.09,0.0967,kuttner_f1
2011-10-12,minutes_date,0.07,99.9225,99.915,0.0775,0.085,0.0775,f1_raw
2011-10-22,blackout_date,0.07,99.925,99.92,0.075,0.08,0.075,f1_raw
2011-11-02,meeting_date,0.08,99.92,99.92,0.08,0.08,0.08,kuttner_f1
2011-11-23,minutes_date,0.08,99.915,99.91,0.085,0.09,0.085,f1_raw
2011-11-29,blackout_date,0.08,99.9175,99.91,0.0825,0.09,0.0825,f1_raw
2011-12-13,meeting_date,0.07,99.9225,99.91,0.0775,0.09,0.0829,kuttner_f1
2012-01-03,minutes_date,0.08,99.9225,99.915,0.0775,0.085,0.0775,f1_raw
2012-01-16,blackout_date,0.08,99.925,99.92,0.075,0.08,0.075,f1_raw
2012-01-25,meeting_date,0.08,99.9175,99.915,0.0825,0.085,0.0929,kuttner_f1
2012-02-15,minutes_date,0.1,99.8825,99.875,0.1175,0.125,0.1175,f1_raw
2012-03-01,blackout_date,0.13,99.885,99.885,0.115,0.115,0.115,f1_raw
2012-03-13,meeting_date,0.13,99.8825,99.875,0.1175,0.125,0.1085,kuttner_f1
2012-04-03,minutes_date,0.14,99.8675,99.87,0.1325,0.13,0.1325,f1_raw
2012-04-13,blackout_date,0.14,99.86,99.86,0.14,0.14,0.14,f1_raw
2012-04-25,meeting_date,0.14,99.8625,99.865,0.1375,0.135,0.125,kuttner_f1
2012-05-16,minutes_date,0.16,99.8425,99.84,0.1575,0.16,0.1575,f1_raw
2012-06-12,blackout_date,0.16,99.8325,99.83,0.1675,0.17,0.1675,f1_raw
2012-06-20,meeting_date,0.16,99.835,99.83,0.165,0.17,0.175,kuttner_f1
2012-07-11,minutes_date,0.16,99.835,99.835,0.165,0.165,0.165,f1_raw
2012-07-24,blackout_date,0.16,99.84,99.85,0.16,0.15,0.16,f1_raw
2012-08-01,meeting_date,0.13,99.855,99.86,0.145,0.14,0.1455,kuttner_f1
2012-08-22,minutes_date,0.13,99.8625,99.86,0.1375,0.14,0.1375,f1_raw
2012-08-31,blackout_date,0.13,99.865,99.865,0.135,0.135,0.135,f1_raw
2012-09-13,meeting_date,0.14,99.8575,99.87,0.1425,0.13,0.1444,kuttner_f1
2012-10-04,minutes_date,0.16,99.85,99.855,0.15,0.145,0.15,f1_raw
2012-10-14,blackout_date,0.16,99.85,99.855,0.15,0.145,0.15,f1_raw
2012-10-24,meeting_date,0.16,99.845,99.855,0.155,0.145,0.1379,kuttner_f1
2012-11-14,minutes_date,0.16,99.8375,99.845,0.1625,0.155,0.1625,f1_raw
2012-12-04,blackout_date,0.16,99.845,99.855,0.155,0.145,0.155,f1_raw
2012-12-12,meeting_date,0.16,99.8425,99.855,0.1575,0.145,0.1559,kuttner_f1
2013-01-02,minutes_date,0.14,99.835,99.855,0.165,0.145,0.165,f1_raw
2013-01-04,blackout_date,0.14,99.84,99.855,0.16,0.145,0.16,f1_raw
2013-01-30,meeting_date,0.14,99.855,99.865,0.145,0.135,0.135,kuttner_f2
2013-02-20,minutes_date,0.15,99.855,99.855,0.145,0.145,0.145,f1_raw
2013-03-08,blackout_date,0.14,99.8525,99.86,0.1475,0.14,0.1475,f1_raw
2013-03-20,meeting_date,0.14,99.85,99.855,0.15,0.145,0.1682,kuttner_f1
2013-04-10,minutes_date,0.15,99.8575,99.87,0.1425,0.13,0.1425,f1_raw
2013-04-19,blackout_date,0.15,99.8525,99.865,0.1475,0.135,0.1475,f1_raw
2013-05-01,meeting_date,0.11,99.875,99.875,0.125,0.125,0.1255,kuttner_f1
2013-05-22,minutes_date,0.11,99.885,99.885,0.115,0.115,0.115,f1_raw
2013-06-06,blackout_date,0.09,99.8975,99.89,0.1025,0.11,0.1025,f1_raw
2013-06-19,meeting_date,0.09,99.9025,99.89,0.0975,0.11,0.1105,kuttner_f1
2013-07-10,minutes_date,0.09,99.9,99.895,0.1,0.105,0.1,f1_raw
2013-07-17,blackout_date,0.09,99.9025,99.895,0.0975,0.105,0.0975,f1_raw
2013-07-31,meeting_date,0.09,99.905,99.9,0.095,0.1,0.1,kuttner_f2
2013-08-21,minutes_date,0.08,99.9125,99.905,0.0875,0.095,0.0875,f1_raw
2013-09-18,meeting_date,0.08,99.9175,99.91,0.0825,0.09,0.0862,kuttner_f1
2013-10-09,minutes_date,0.09,99.8925,99.885,0.1075,0.115,0.1075,f1_raw
2013-10-18,blackout_date,0.09,99.9075,99.91,0.0925,0.09,0.0925,f1_raw
2013-10-30,meeting_date,0.09,99.91,99.915,0.09,0.085,0.085,kuttner_f2
2013-11-20,minutes_date,0.08,99.9175,99.915,0.0825,0.085,0.0825,f1_raw
2013-12-16,blackout_date,0.09,99.915,99.915,0.085,0.085,0.085,f1_raw
2013-12-18,meeting_date,0.09,99.9125,99.915,0.0875,0.085,0.084,kuttner_f1
2014-01-03,blackout_date,0.07,99.91,99.905,0.09,0.095,0.09,f1_raw
2014-01-08,minutes_date,0.07,99.9175,99.91,0.0825,0.09,0.0825,f1_raw
2014-01-29,meeting_date,0.07,99.9275,99.92,0.0725,0.08,0.08,kuttner_f2
2014-02-19,minutes_date,0.07,99.9325,99.925,0.0675,0.075,0.0675,f1_raw
2014-03-05,blackout_date,0.08,99.925,99.925,0.075,0.075,0.075,f1_raw
2014-03-19,meeting_date,0.08,99.9225,99.92,0.0775,0.08,0.0735,kuttner_f1
2014-04-09,minutes_date,0.09,99.92,99.915,0.08,0.085,0.08,f1_raw
2014-04-15,blackout_date,0.09,99.9175,99.915,0.0825,0.085,0.0825,f1_raw
2014-04-30,meeting_date,0.09,99.9125,99.91,0.0875,0.09,0.09,kuttner_f2
2014-05-21,minutes_date,0.09,99.9125,99.91,0.0875,0.09,0.0875,f1_raw
2014-06-09,blackout_date,0.1,99.9075,99.905,0.0925,0.095,0.0925,f1_raw
2014-06-18,meeting_date,0.1,99.905,99.9,0.095,0.1,0.0875,kuttner_f1
2014-07-09,minutes_date,0.09,99.9025,99.9,0.0975,0.1,0.0975,f1_raw
2014-07-10,blackout_date,0.09,99.905,99.905,0.095,0.095,0.095,f1_raw
2014-07-30,meeting_date,0.09,99.9075,99.905,0.0925,0.095,0.095,kuttner_f2
2014-08-20,minutes_date,0.09,99.91,99.91,0.09,0.09,0.09,f1_raw
2014-09-04,blackout_date,0.09,99.91,99.91,0.09,0.09,0.09,f1_raw
2014-09-17,meeting_date,0.09,99.91,99.91,0.09,0.09,0.09,kuttner_f1
2014-10-08,minutes_date,0.09,99.9125,99.915,0.0875,0.085,0.0875,f1_raw
2014-10-20,blackout_date,0.09,99.9125,99.915,0.0875,0.085,0.0875,f1_raw
2014-10-29,meeting_date,0.09,99.9125,99.91,0.0875,0.09,0.09,kuttner_f2
2014-11-19,minutes_date,0.09,99.905,99.89,0.095,0.11,0.095,f1_raw
2014-12-03,blackout_date,0.12,99.8875,99.89,0.1125,0.11,0.1125,f1_raw
2014-12-17,meeting_date,0.12,99.885,99.885,0.115,0.115,0.1089,kuttner_f1
2015-01-07,minutes_date,0.11,99.8875,99.88,0.1125,0.12,0.1125,f1_raw
2015-01-20,blackout_date,0.11,99.88,99.875,0.12,0.125,0.12,f1_raw
2015-01-28,meeting_date,0.11,99.88,99.875,0.12,0.125,0.125,kuttner_f2
2015-02-18,minutes_date,0.11,99.88,99.875,0.12,0.125,0.12,f1_raw
2015-03-03,blackout_date,0.11,99.8825,99.875,0.1175,0.125,0.1175,f1_raw
2015-03-18,meeting_date,0.11,99.8825,99.87,0.1175,0.13,0.1279,kuttner_f1
2015-04-08,minutes_date,0.12,99.8775,99.875,0.1225,0.125,0.1225,f1_raw
2015-04-29,meeting_date,0.12,99.8775,99.875,0.1225,0.125,0.125,kuttner_f2
2015-05-20,minutes_date,0.12,99.8725,99.865,0.1275,0.135,0.1275,f1_raw
2015-06-02,blackout_date,0.13,99.87,99.86,0.13,0.14,0.13,f1_raw
2015-06-17,meeting_date,0.13,99.87,99.865,0.13,0.135,0.13,kuttner_f1
2015-07-08,minutes_date,0.13,99.8675,99.865,0.1325,0.135,0.1325,f1_raw
2015-07-10,blackout_date,0.13,99.8675,99.865,0.1325,0.135,0.1325,f1_raw
2015-07-29,meeting_date,0.13,99.87,99.865,0.13,0.135,0.135,kuttner_f2
2015-08-19,minutes_date,0.14,99.8625,99.83,0.1375,0.17,0.1375,f1_raw
2015-08-29,blackout_date,0.14,99.8625,99.83,0.1375,0.17,0.1375,f1_raw
2015-09-17,meeting_date,0.14,99.86,99.855,0.14,0.145,0.14,kuttner_f1
2015-10-08,minutes_date,0.12,99.865,99.85,0.135,0.15,0.135,f1_raw
2015-10-20,blackout_date,0.12,99.87,99.86,0.13,0.14,0.13,f1_raw
2015-10-28,meeting_date,0.12,99.875,99.865,0.125,0.135,0.135,kuttner_f2
2015-11-18,minutes_date,0.12,99.8775,99.79,0.1225,0.21,0.1225,f1_raw
2015-12-03,blackout_date,0.24,99.78,99.695,0.22,0.305,0.22,f1_raw
2015-12-16,meeting_date,0.24,99.7675,99.665,0.2325,0.335,0.2245,kuttner_f1
2016-01-03,blackout_date,0.34,99.76,99.665,0.24,0.335,0.24,f1_raw
2016-01-06,minutes_date,0.34,99.665,99.645,0.335,0.355,0.335,f1_raw
2016-01-27,meeting_date,0.34,99.66,99.635,0.34,0.365,0.365,kuttner_f2
2016-02-17,minutes_date,0.38,99.625,99.62,0.375,0.38,0.375,f1_raw
2016-03-07,blackout_date,0.36,99.6225,99.605,0.3775,0.395,0.3775,f1_raw
2016-03-16,meeting_date,0.36,99.6375,99.635,0.3625,0.365,0.3652,kuttner_f1
2016-04-06,minutes_date,0.37,99.6375,99.63,0.3625,0.37,0.3625,f1_raw
2016-04-14,blackout_date,0.37,99.6375,99.63,0.3625,0.37,0.3625,f1_raw
2016-04-27,meeting_date,0.37,99.6375,99.635,0.3625,0.365,0.365,kuttner_f2
2016-05-18,minutes_date,0.37,99.6375,99.59,0.3625,0.41,0.3625,f1_raw
2016-06-06,blackout_date,0.38,99.63,99.62,0.37,0.38,0.37,f1_raw
2016-06-15,meeting_date,0.38,99.6325,99.63,0.3675,0.37,0.355,kuttner_f1
2016-07-06,minutes_date,0.39,99.615,99.625,0.385,0.375,0.385,f1_raw
2016-07-12,blackout_date,0.39,99.6125,99.615,0.3875,0.385,0.3875,f1_raw
2016-07-27,meeting_date,0.39,99.605,99.605,0.395,0.395,0.395,kuttner_f2
2016-08-17,minutes_date,0.4,99.6025,99.59,0.3975,0.41,0.3975,f1_raw
2016-09-12,blackout_date,0.4,99.59,99.57,0.41,0.43,0.41,f1_raw
2016-09-21,meeting_date,0.4,99.6025,99.605,0.3975,0.395,0.3917,kuttner_f1
2016-10-12,minutes_date,0.4,99.605,99.585,0.395,0.415,0.395,f1_raw
2016-10-24,blackout_date,0.4,99.605,99.585,0.395,0.415,0.395,f1_raw
2016-11-02,meeting_date,0.41,99.5925,99.505,0.4075,0.495,0.4073,kuttner_f1
2016-11-23,minutes_date,0.41,99.5925,99.47,0.4075,0.53,0.4075,f1_raw
2016-12-02,blackout_date,0.54,99.47,99.365,0.53,0.635,0.53,f1_raw
2016-12-14,meeting_date,0.54,99.465,99.355,0.535,0.645,0.5309,kuttner_f1
2017-01-04,minutes_date,0.65,99.3525,99.345,0.6475,0.655,0.6475,f1_raw
2017-01-19,blackout_date,0.65,99.3525,99.34,0.6475,0.66,0.6475,f1_raw
2017-02-01,meeting_date,0.66,99.3425,99.315,0.6575,0.685,0.6574,kuttner_f1
2017-02-22,minutes_date,0.66,99.3425,99.31,0.6575,0.69,0.6575,f1_raw
2017-03-03,blackout_date,0.79,99.23,99.14,0.77,0.86,0.77,f1_raw
2017-03-15,meeting_date,0.79,99.215,99.11,0.785,0.89,0.7803,kuttner_f1
2017-04-05,minutes_date,0.9,99.1075,99.095,0.8925,0.905,0.8925,f1_raw
2017-04-28,blackout_date,0.9,99.105,99.095,0.895,0.905,0.895,f1_raw
2017-05-03,meeting_date,0.91,99.095,99.005,0.905,0.995,0.9045,kuttner_f1
2017-05-24,minutes_date,0.91,99.095,98.985,0.905,1.015,0.905,f1_raw
2017-06-01,blackout_date,1.04,98.9725,98.875,1.0275,1.125,1.0275,f1_raw
2017-06-14,meeting_date,1.04,98.9625,98.855,1.0375,1.145,1.0353,kuttner_f1
2017-07-05,minutes_date,1.15,98.85,98.845,1.15,1.155,1.15,f1_raw
2017-07-13,blackout_date,1.15,98.85,98.84,1.15,1.16,1.15,f1_raw
2017-07-26,meeting_date,1.15,98.85,98.845,1.15,1.155,1.15,kuttner_f1
2017-08-16,minutes_date,1.16,98.845,98.845,1.155,1.155,1.155,f1_raw
2017-09-05,blackout_date,1.15,98.845,98.845,1.155,1.155,1.155,f1_raw
2017-09-20,meeting_date,1.15,98.845,98.845,1.155,1.155,1.165,kuttner_f1
2017-10-11,minutes_date,1.15,98.845,98.845,1.155,1.155,1.155,f1_raw
2017-10-20,blackout_date,1.15,98.845,98.84,1.155,1.16,1.155,f1_raw
2017-11-01,meeting_date,1.16,98.8425,98.725,1.1575,1.275,1.1574,kuttner_f1
2017-11-22,minutes_date,1.16,98.8425,98.71,1.1575,1.29,1.1575,f1_raw
2017-11-30,blackout_date,1.16,98.8425,98.707,1.1575,1.293,1.1575,f1_raw
2017-12-13,meeting_date,1.3,98.705,98.595,1.295,1.405,1.2914,kuttner_f1
2018-01-03,minutes_date,1.41,98.59,98.59,1.41,1.41,1.41,f1_raw
2018-01-19,blackout_date,1.41,98.5875,98.58,1.4125,1.42,1.4125,f1_raw
2018-01-31,meeting_date,1.41,98.5875,98.58,1.4125,1.42,1.42,kuttner_f2
2018-02-21,minutes_date,1.42,98.5825,98.51,1.4175,1.49,1.4175,f1_raw
2018-03-06,blackout_date,1.51,98.505,98.34,1.495,1.66,1.495,f1_raw
2018-03-21,meeting_date,1.51,98.4975,98.32,1.5025,1.68,1.4867,kuttner_f1
2018-04-11,minutes_date,1.69,98.315,98.305,1.685,1.695,1.685,f1_raw
2018-04-19,blackout_date,1.69,98.3125,98.305,1.6875,1.695,1.6875,f1_raw
2018-05-02,meeting_date,1.7,98.295,98.165,1.705,1.835,1.7053,kuttner_f1
2018-05-23,minutes_date,1.7,98.3,98.175,1.7,1.825,1.7,f1_raw
2018-05-31,blackout_date,1.7,98.3,98.183,1.7,1.817,1.7,f1_raw
2018-06-13,meeting_date,1.82,98.18,98.09,1.82,1.91,1.82,kuttner_f1
2018-07-04,minutes_date,1.91,98.0825,98.075,1.9175,1.925,1.9175,f1_raw
2018-07-19,blackout_date,1.91,98.085,98.075,1.915,1.925,1.915,f1_raw
2018-08-01,meeting_date,1.91,98.0825,98.045,1.9175,1.955,1.9178,kuttner_f1
2018-08-22,minutes_date,1.91,98.085,98.05,1.915,1.95,1.915,f1_raw
2018-09-12,blackout_date,1.95,98.0475,97.835,1.9525,2.165,1.9525,f1_raw
2018-09-26,meeting_date,1.95,98.045,97.825,1.955,2.175,2.175,kuttner_f2
2018-10-17,minutes_date,2.19,97.815,97.81,2.185,2.19,2.185,f1_raw
2018-10-25,blackout_date,2.19,97.81,97.8,2.19,2.2,2.19,f1_raw
2018-11-08,meeting_date,2.2,97.795,97.71,2.205,2.29,2.2068,kuttner_f1
2018-11-29,minutes_date,2.2,97.8,97.72,2.2,2.28,2.2,f1_raw
2018-12-07,blackout_date,2.27,97.73,97.625,2.27,2.375,2.27,f1_raw
2018-12-19,meeting_date,2.27,97.7225,97.6,2.2775,2.4,2.2894,kuttner_f1
2019-01-09,minutes_date,2.4,97.5975,97.6,2.4025,2.4,2.4025,f1_raw
2019-01-10,blackout_date,2.4,97.5975,97.595,2.4025,2.405,2.4025,f1_raw
2019-01-30,meeting_date,2.4,97.5975,97.598,2.4025,2.402,2.402,kuttner_f2
2019-02-20,minutes_date,2.4,97.6,97.6,2.4,2.4,2.4,f1_raw
2019-03-12,blackout_date,2.41,97.6,97.6,2.4,2.4,2.4,f1_raw
2019-03-20,meeting_date,2.41,97.595,97.595,2.405,2.405,2.3959,kuttner_f1
2019-04-10,minutes_date,2.42,97.59,97.595,2.41,2.405,2.41,f1_raw
2019-04-11,blackout_date,2.42,97.59,97.595,2.41,2.405,2.41,f1_raw
2019-05-01,meeting_date,2.39,97.6025,97.61,2.3975,2.39,2.3977,kuttner_f1
2019-05-22,minutes_date,2.39,97.6075,97.615,2.3925,2.385,2.3925,f1_raw
2019-06-05,blackout_date,2.38,97.6325,97.665,2.3675,2.335,2.3675,f1_raw
2019-06-19,meeting_date,2.38,97.6275,97.64,2.3725,2.36,2.3595,kuttner_f1
2019-07-10,minutes_date,2.4,97.6075,97.92,2.3925,2.08,2.3925,f1_raw
2019-07-16,blackout_date,2.4,97.6025,97.91,2.3975,2.09,2.3975,f1_raw
2019-07-31,meeting_date,2.4,97.595,97.848,2.405,2.152,2.152,kuttner_f2
2019-08-21,minutes_date,2.13,97.87,97.98,2.13,2.02,2.13,f1_raw
2019-09-05,blackout_date,2.04,97.975,98.15,2.025,1.85,2.025,f1_raw
2019-09-18,meeting_date,2.04,97.9375,98.11,2.0625,1.89,2.0962,kuttner_f1
2019-10-09,minutes_date,1.83,98.1675,98.355,1.8325,1.645,1.8325,f1_raw
2019-10-21,blackout_date,1.83,98.165,98.375,1.835,1.625,1.835,f1_raw
2019-10-30,meeting_date,1.83,98.17,98.412,1.83,1.588,1.588,kuttner_f2
2019-11-20,minutes_date,1.55,98.4425,98.44,1.5575,1.56,1.5575,f1_raw
2019-11-26,blackout_date,1.55,98.445,98.435,1.555,1.565,1.555,f1_raw
2019-12-11,meeting_date,1.55,98.44,98.435,1.56,1.565,1.5655,kuttner_f1
2020-01-01,minutes_date,1.55,98.4475,98.448,1.5525,1.552,1.5525,f1_raw
2020-01-17,blackout_date,1.55,98.4525,98.42,1.5475,1.58,1.5475,f1_raw
2020-01-29,meeting_date,1.55,98.4475,98.405,1.5525,1.595,1.595,kuttner_f2
2020-02-19,minutes_date,1.58,98.4175,98.425,1.5825,1.575,1.5825,f1_raw
2020-02-27,blackout_date,1.58,98.415,98.48,1.585,1.52,1.585,f1_raw
2020-03-03,meeting_date,0.65,98.985,99.21,1.015,0.79,1.0541,kuttner_f1
2020-03-15,meeting_date,0.65,99.28,99.84,0.72,0.16,0.7856,kuttner_f1
2020-03-24,minutes_date,0.65,99.34,99.895,0.66,0.105,0.66,f1_raw
2020-04-05,minutes_date,0.05,99.9425,99.925,0.0575,0.075,0.0575,f1_raw
2020-04-09,blackout_date,0.05,99.945,99.915,0.055,0.085,0.055,f1_raw
2020-04-29,meeting_date,0.05,99.9525,99.957,0.0475,0.043,0.043,kuttner_f2
2020-05-20,minutes_date,0.05,99.9475,99.945,0.0525,0.055,0.0525,f1_raw
2020-05-21,blackout_date,0.05,99.95,99.95,0.05,0.05,0.05,f1_raw
2020-06-10,meeting_date,0.08,99.925,99.925,0.075,0.075,0.0725,kuttner_f1
2020-07-01,minutes_date,0.09,99.925,99.935,0.075,0.065,0.075,f1_raw
2020-07-14,blackout_date,0.09,99.91,99.92,0.09,0.08,0.09,f1_raw
2020-07-29,meeting_date,0.09,99.9075,99.92,0.0925,0.08,0.08,kuttner_f2
2020-08-19,minutes_date,0.1,99.905,99.92,0.095,0.08,0.095,f1_raw
2020-09-01,blackout_date,0.09,99.92,99.925,0.08,0.075,0.08,f1_raw
2020-09-16,meeting_date,0.09,99.9075,99.915,0.0925,0.085,0.0954,kuttner_f1
2020-10-07,minutes_date,0.09,99.915,99.92,0.085,0.08,0.085,f1_raw
2020-10-21,blackout_date,0.09,99.91,99.915,0.09,0.085,0.09,f1_raw
2020-11-05,meeting_date,0.09,99.91,99.915,0.09,0.085,0.09,kuttner_f1
2020-11-26,minutes_date,0.09,99.9125,99.915,0.0875,0.085,0.0875,f1_raw
2020-12-11,blackout_date,0.09,99.9125,99.92,0.0875,0.08,0.0875,f1_raw
2020-12-16,meeting_date,0.09,99.9125,99.915,0.0875,0.085,0.0848,kuttner_f1
2021-01-06,minutes_date,0.09,99.9125,99.92,0.0875,0.08,0.0875,f1_raw
2021-01-13,blackout_date,0.09,99.91,99.915,0.09,0.085,0.09,f1_raw
2021-01-27,meeting_date,0.09,99.9125,99.925,0.0875,0.075,0.075,kuttner_f2
2021-02-17,minutes_date,0.08,99.9275,99.935,0.0725,0.065,0.0725,f1_raw
2021-03-02,blackout_date,0.07,99.93,99.92,0.07,0.08,0.07,f1_raw
2021-03-17,meeting_date,0.07,99.93,99.93,0.07,0.07,0.07,kuttner_f1
2021-04-07,minutes_date,0.07,99.935,99.93,0.065,0.07,0.065,f1_raw
2021-04-14,blackout_date,0.07,99.93,99.925,0.07,0.075,0.07,f1_raw
2021-04-28,meeting_date,0.07,99.93,99.93,0.07,0.07,0.07,kuttner_f2
2021-05-19,minutes_date,0.06,99.9425,99.93,0.0575,0.07,0.0575,f1_raw
2021-06-03,blackout_date,0.08,99.9325,99.92,0.0675,0.08,0.0675,f1_raw
2021-06-16,meeting_date,0.08,99.9175,99.9,0.0825,0.1,0.0854,kuttner_f1
2021-07-07,minutes_date,0.1,99.905,99.91,0.095,0.09,0.095,f1_raw
2021-07-11,blackout_date,0.1,99.9025,99.905,0.0975,0.095,0.0975,f1_raw
2021-07-28,meeting_date,0.1,99.9,99.905,0.1,0.095,0.095,kuttner_f2
2021-08-18,minutes_date,0.09,99.9025,99.905,0.0975,0.095,0.0975,f1_raw
2021-09-09,blackout_date,0.08,99.925,99.93,0.075,0.07,0.075,f1_raw
2021-09-22,meeting_date,0.08,99.92,99.92,0.08,0.08,0.08,kuttner_f1
2021-10-13,minutes_date,0.08,99.92,99.92,0.08,0.08,0.08,f1_raw
2021-10-22,blackout_date,0.08,99.92,99.925,0.08,0.075,0.08,f1_raw
2021-11-03,meeting_date,0.08,99.92,99.92,0.08,0.08,0.08,kuttner_f1
2021-11-24,minutes_date,0.08,99.92,99.92,0.08,0.08,0.08,f1_raw
2021-12-02,blackout_date,0.08,99.92,99.92,0.08,0.08,0.08,f1_raw
2021-12-15,meeting_date,0.08,99.9175,99.915,0.0825,0.085,0.0848,kuttner_f1
2021-12-17,blackout_date,0.08,99.9175,99.915,0.0825,0.085,0.0825,f1_raw
2022-01-05,minutes_date,0.08,99.9175,99.91,0.0825,0.09,0.0825,f1_raw
2022-01-26,meeting_date,0.08,99.92,99.915,0.08,0.085,0.08,kuttner_f1
2022-02-16,minutes_date,0.08,99.9175,99.73,0.0825,0.27,0.0825,f1_raw
2022-02-24,blackout_date,0.08,99.92,99.775,0.08,0.225,0.08,f1_raw
2022-03-16,meeting_date,0.2,99.7975,99.655,0.2025,0.345,0.2052,kuttner_f1
2022-04-05,blackout_date,0.33,99.6575,99.255,0.3425,0.745,0.3425,f1_raw
2022-04-06,minutes_date,0.33,99.655,99.255,0.345,0.745,0.345,f1_raw
2022-05-04,meeting_date,0.77,99.23,98.895,0.77,1.105,0.77,kuttner_f1
2022-05-25,minutes_date,0.77,99.235,98.91,0.765,1.09,0.765,f1_raw
2022-06-03,blackout_date,1.21,98.915,98.595,1.085,1.405,1.085,f1_raw
2022-06-15,meeting_date,1.21,98.7925,98.315,1.2075,1.685,1.205,kuttner_f1
2022-07-06,minutes_date,1.68,98.325,97.715,1.675,2.285,1.675,f1_raw
2022-07-19,blackout_date,1.68,98.315,97.61,1.685,2.39,1.685,f1_raw
2022-07-27,meeting_date,1.68,98.3225,97.665,1.6775,2.335,2.335,kuttner_f2
2022-08-17,minutes_date,2.33,97.67,97.475,2.33,2.525,2.33,f1_raw
2022-09-09,blackout_date,2.56,97.45,96.94,2.55,3.06,2.55,f1_raw
2022-09-21,meeting_date,2.56,97.445,96.915,2.555,3.085,2.5433,kuttner_f1
2022-10-12,minutes_date,3.08,96.9175,96.235,3.0825,3.765,3.0825,f1_raw
2022-10-20,blackout_date,3.08,96.9175,96.195,3.0825,3.805,3.0825,f1_raw
2022-11-02,meeting_date,3.78,96.2175,95.84,3.7825,4.16,3.7827,kuttner_f1
2022-11-23,minutes_date,3.78,96.2175,95.855,3.7825,4.145,3.7825,f1_raw
2022-12-01,blackout_date,4.1,95.8775,95.645,4.1225,4.355,4.1225,f1_raw
2022-12-14,meeting_date,4.1,95.8925,95.665,4.1075,4.335,4.1137,kuttner_f1
2023-01-04,minutes_date,4.33,95.6675,95.345,4.3325,4.655,4.3325,f1_raw
2023-01-21,blackout_date,4.33,95.6675,95.42,4.3325,4.58,4.3325,f1_raw
2023-02-01,meeting_date,4.57,95.4275,95.36,4.5725,4.64,4.5726,kuttner_f1
2023-02-22,minutes_date,4.57,95.4275,95.325,4.5725,4.675,4.5725,f1_raw
2023-03-14,blackout_date,4.65,95.3625,95.245,4.6375,4.755,4.6375,f1_raw
2023-03-22,meeting_date,4.65,95.3525,95.185,4.6475,4.815,4.6414,kuttner_f1
2023-04-12,minutes_date,4.83,95.1725,95.01,4.8275,4.99,4.8275,f1_raw
2023-04-21,blackout_date,4.83,95.17,94.965,4.83,5.035,4.83,f1_raw
2023-05-03,meeting_date,5.06,94.9525,94.915,5.0475,5.085,5.0462,kuttner_f1
2023-05-24,minutes_date,5.06,94.9425,94.86,5.0575,5.14,5.0575,f1_raw
2023-05-31,blackout_date,5.06,94.945,94.875,5.055,5.125,5.055,f1_raw
2023-06-14,meeting_date,5.08,94.9175,94.89,5.0825,5.11,5.0847,kuttner_f1
2023-07-05,minutes_date,5.12,94.8925,94.71,5.1075,5.29,5.1075,f1_raw
2023-07-18,blackout_date,5.12,94.8825,94.685,5.1175,5.315,5.1175,f1_raw
2023-07-26,meeting_date,5.12,94.88,94.675,5.12,5.325,5.12,kuttner_f1
2023-08-16,minutes_date,5.33,94.67,94.66,5.33,5.34,5.33,f1_raw
2023-09-08,blackout_date,5.33,94.6625,94.65,5.3375,5.35,5.3375,f1_raw
2023-09-20,meeting_date,5.33,94.6725,94.675,5.3275,5.325,5.3225,kuttner_f1
2023-10-11,minutes_date,5.33,94.67,94.645,5.33,5.355,5.33,f1_raw
2023-10-27,blackout_date,5.33,94.67,94.67,5.33,5.33,5.33,f1_raw
2023-11-01,meeting_date,5.33,94.6725,94.645,5.3275,5.355,5.3274,kuttner_f1
2023-11-22,minutes_date,5.33,94.67,94.655,5.33,5.345,5.33,f1_raw
2023-12-05,blackout_date,5.33,94.6675,94.665,5.3325,5.335,5.3325,f1_raw
2023-12-13,meeting_date,5.33,94.67,94.67,5.33,5.33,5.33,kuttner_f1
2024-01-03,minutes_date,5.33,94.6725,94.695,5.3275,5.305,5.3275,f1_raw
2024-01-17,blackout_date,5.33,94.6725,94.68,5.3275,5.32,5.3275,f1_raw
2024-01-31,meeting_date,5.33,94.67,94.677,5.33,5.323,5.323,kuttner_f2
2024-02-21,minutes_date,5.33,94.67,94.68,5.33,5.32,5.33,f1_raw
2024-03-07,blackout_date,5.33,94.6725,94.68,5.3275,5.32,5.3275,f1_raw
2024-03-20,meeting_date,5.33,94.67,94.67,5.33,5.33,5.33,kuttner_f1
2024-04-10,minutes_date,5.33,94.67,94.675,5.33,5.325,5.33,f1_raw
2024-04-18,blackout_date,5.33,94.67,94.675,5.33,5.325,5.33,f1_raw
2024-05-01,meeting_date,5.33,94.6725,94.685,5.3275,5.315,5.3274,kuttner_f1
2024-05-22,minutes_date,5.33,94.67,94.675,5.33,5.325,5.33,f1_raw
2024-06-07,blackout_date,5.33,94.6725,94.675,5.3275,5.325,5.3275,f1_raw
2024-06-12,meeting_date,5.33,94.67,94.67,5.33,5.33,5.33,kuttner_f1
2024-07-03,minutes_date,5.33,94.67,94.69,5.33,5.31,5.33,f1_raw
2024-07-24,blackout_date,5.33,94.67,94.685,5.33,5.315,5.33,f1_raw
2024-07-31,meeting_date,5.33,94.67,94.673,5.33,5.327,5.327,kuttner_f2
2024-08-21,minutes_date,5.33,94.67,94.81,5.33,5.19,5.33,f1_raw
2024-09-10,blackout_date,5.13,94.8,95.005,5.2,4.995,5.2,f1_raw
2024-09-18,meeting_date,5.13,94.87,95.175,5.13,4.825,5.13,kuttner_f1
2024-10-09,minutes_date,4.83,95.1725,95.33,4.8275,4.67,4.8275,f1_raw
2024-10-23,blackout_date,4.83,95.17,95.345,4.83,4.655,4.83,f1_raw
2024-11-07,meeting_date,4.64,95.365,95.5,4.635,4.5,4.6335,kuttner_f1
2024-11-28,minutes_date,4.64,95.3625,95.49,4.6375,4.51,4.6375,f1_raw
2024-12-03,blackout_date,4.48,95.495,95.605,4.505,4.395,4.505,f1_raw
2024-12-18,meeting_date,4.48,95.5275,95.675,4.4725,4.325,4.4621,kuttner_f1
2025-01-08,minutes_date,4.33,95.6725,95.685,4.3275,4.315,4.3275,f1_raw
2025-01-09,blackout_date,4.33,95.67,95.685,4.33,4.315,4.33,f1_raw
2025-01-29,meeting_date,4.33,95.6725,95.675,4.3275,4.325,4.325,kuttner_f2
2025-02-19,minutes_date,4.33,95.6725,95.675,4.3275,4.325,4.3275,f1_raw
2025-03-07,blackout_date,4.33,95.67,95.675,4.33,4.325,4.33,f1_raw
2025-03-19,meeting_date,4.33,95.67,95.67,4.33,4.33,4.33,kuttner_f1
2025-04-09,minutes_date,4.33,95.6775,95.72,4.3225,4.28,4.3225,f1_raw
2025-05-03,blackout_date,4.33,95.675,95.71,4.325,4.29,4.325,f1_raw
2025-05-07,meeting_date,4.33,95.67,95.695,4.33,4.305,4.33,kuttner_f1
2025-05-28,minutes_date,4.33,95.67,95.675,4.33,4.325,4.33,f1_raw
2025-06-06,blackout_date,4.33,95.67,95.675,4.33,4.325,4.33,f1_raw
2025-06-18,meeting_date,4.33,95.67,95.675,4.33,4.325,4.33,kuttner_f1
2025-07-09,minutes_date,4.33,95.67,95.685,4.33,4.315,4.33,f1_raw
2025-07-22,blackout_date,4.33,95.67,95.68,4.33,4.32,4.33,f1_raw
2025-07-30,meeting_date,4.33,95.6675,95.673,4.3325,4.327,4.327,kuttner_f2
2025-08-20,minutes_date,4.33,95.67,95.76,4.33,4.24,4.33,f1_raw
2025-08-28,blackout_date,4.33,95.67,95.765,4.33,4.235,4.33,f1_raw
2025-09-17,meeting_date,4.22,95.7775,95.935,4.2225,4.065,4.2258,kuttner_f1
2025-10-08,minutes_date,4.09,95.92,96.14,4.08,3.86,4.08,f1_raw
2025-10-23,blackout_date,4.09,95.91,96.14,4.09,3.86,4.09,f1_raw
2025-10-29,meeting_date,4.09,95.91,96.115,4.09,3.885,3.885,kuttner_f2
2025-11-19,minutes_date,3.88,96.1225,96.165,3.8775,3.835,3.8775,f1_raw
2025-12-01,blackout_date,3.72,96.26,96.345,3.74,3.655,3.74,f1_raw
2025-12-10,meeting_date,3.72,96.2775,96.36,3.7225,3.64,3.7237,kuttner_f1
2025-12-31,minutes_date,3.72,96.2775,96.37,3.7225,3.63,3.7225,f1_raw
