date,meeting_date,doc_type,gardner_inf,gardner_labor,gardner_out,gardner_fin,gardner_mp,gardner_total,gardner_inf_consensus,gardner_labor_consensus,gardner_out_consensus,gardner_fin_consensus,gardner_mp_consensus
1999-05-18,1999-05-18,statements,0.0005389327541530857,0.0005389327541530857,0.001616798262459257,-0.0005389327541530857,0.0,0.0021557310166123427,0.006622516556291391,0.006622516556291391,0.006622516556291391,0.006622516556291391,0.0
1999-06-30,1999-06-30,statements,0.0,0.0004941058844013092,0.0009882117688026185,-0.0004941058844013092,0.0,0.0009882117688026185,0.0,0.00625,0.00625,0.00625,0.0
1999-08-24,1999-08-24,statements,0.0003150063969628573,0.0003150063969628573,0.0009450191908885718,-0.0006300127939257146,0.0,0.0009450191908885718,0.004629629629629629,0.004629629629629629,0.004629629629629629,0.004629629629629629,0.0
1999-10-05,1999-10-05,statements,0.0004472041595917383,0.0,0.0004472041595917383,0.0,0.0,0.0008944083191834766,0.005847953216374269,0.0,0.005847953216374269,0.0,0.0
1999-11-16,1999-11-16,statements,0.0,0.0,-0.0002639918926335737,0.0,0.0,-0.0002639918926335737,0.0,0.0,0.00411522633744856,0.0,0.0
1999-12-21,1999-12-21,statements,0.0,0.0,0.0005336230958248768,0.0,0.0,0.0005336230958248768,0.0,0.0,0.006578947368421052,0.0,0.0
2000-02-02,2000-02-02,statements,0.000757669743761698,0.0,0.0,0.0,0.0,0.000757669743761698,0.005235602094240838,0.0,0.0,0.0,0.0
2000-03-21,2000-03-21,statements,0.0007233203044457832,0.0,0.0007233203044457832,0.0,0.0,0.0014466406088915664,0.005076142131979695,0.0,0.0025380710659898475,0.0,0.0
2000-05-16,2000-05-16,statements,0.0007636592106421175,0.0,0.0,0.0,0.0,0.0007636592106421175,0.005263157894736842,0.0,0.0,0.0,0.0
2000-06-28,2000-06-28,statements,0.00047181754191607454,0.00047181754191607454,-0.0014154526257482234,0.0,0.0,-0.00047181754191607443,0.00202020202020202,0.006060606060606061,0.006060606060606061,0.0,0.0
2000-08-22,2000-08-22,statements,0.000459236160601464,0.000459236160601464,-0.001836944642405856,0.0,0.0,-0.000918472321202928,0.001984126984126984,0.005952380952380952,0.005952380952380952,0.0,0.0
2000-10-03,2000-10-03,statements,0.0008421704370740016,0.0004210852185370008,-0.0012632556556110024,0.0,0.0,0.0,0.0028089887640449437,0.0056179775280898875,0.0056179775280898875,0.0,0.0
2000-11-15,2000-11-15,statements,0.0016291193772771453,0.00040727984431928634,-0.0008145596886385727,0.0,0.0,0.001221839532957859,0.005494505494505495,0.005494505494505495,0.005494505494505495,0.0,0.0
2000-12-19,2000-12-19,statements,0.0015697849948546369,0.0,-0.002616308324757728,-0.0005232616649515457,0.0,-0.0015697849948546367,0.006493506493506494,0.0,0.00463821892393321,0.006493506493506494,0.0
2001-01-03,2001-01-31,statements,0.00029433190497245103,0.0,0.00029433190497245103,-0.00029433190497245103,0.0,0.00029433190497245103,0.004424778761061947,0.0,0.0008849557522123895,0.004424778761061947,0.0
2001-01-31,2001-01-31,statements,0.0002455781533667253,0.0,-0.0012278907668336265,0.0,0.0,-0.0009823126134669011,0.00392156862745098,0.0,0.0028011204481792717,0.0,0.0
2001-03-20,2001-03-20,statements,0.0002811681468156302,0.0,-0.0014058407340781511,0.0,0.0,-0.001124672587262521,0.004291845493562232,0.0,0.0023843586075345735,0.0,0.0
2001-04-18,2001-05-15,statements,0.00021004886864938658,0.0,-0.001050244343246933,0.0,0.0,-0.0008401954745975463,0.0035335689045936395,0.0,0.002523977788995457,0.0,0.0
2001-05-15,2001-05-15,statements,0.0,0.0,-0.001708984375,0.0,0.0,-0.001708984375,0.0,0.0,0.00390625,0.0,0.0
2001-06-27,2001-06-27,statements,0.0,0.0,-0.001382980111021865,0.0,0.0,-0.001382980111021865,0.0,0.0,0.003284072249589491,0.0,0.0
2001-08-21,2001-08-21,statements,0.0,0.0,-0.0021055093010704426,0.0,0.0,-0.0021055093010704426,0.0,0.0,0.004975124378109453,0.0,0.0
2001-09-17,2001-10-02,statements,0.00033085629429388855,-0.00033085629429388855,-0.0016542814714694428,0.0,0.0,-0.0016542814714694428,0.004608294930875576,0.004608294930875576,0.004608294930875576,0.0,0.0
2001-10-02,2001-10-02,statements,0.00046769451653514907,0.0,-0.0018707780661405963,0.0,0.0,-0.0014030835496054472,0.005747126436781609,0.0,0.005747126436781609,0.0,0.0
2001-11-06,2001-11-06,statements,0.0004993459107406706,0.0,-0.0019973836429626824,0.0,0.0,-0.001498037732222012,0.005780346820809248,0.0,0.005780346820809248,0.0,0.0
2001-12-11,2001-12-11,statements,0.0,0.0,-0.0012525745554798657,0.0,0.0,-0.0012525745554798657,0.0,0.0,0.0051813471502590676,0.0,0.0
2002-01-30,2002-01-30,statements,0.0006669496615733114,0.0,-0.0033347483078665567,0.0,0.0,-0.002667798646293246,0.007633587786259542,0.0,0.007633587786259542,0.0,0.0
2002-03-19,2002-03-19,statements,0.0002455781533667253,0.0,0.0,0.0,0.0,0.0002455781533667253,0.00392156862745098,0.0,0.0,0.0,0.0
2002-05-07,2002-05-07,statements,0.0004246587728829542,0.0,0.0,0.0,0.0,0.0004246587728829542,0.005649717514124294,0.0,0.0,0.0,0.0
2002-06-26,2002-06-26,statements,0.00035355339059327376,0.0,0.0007071067811865475,0.0,0.0,0.0010606601717798212,0.005,0.0,0.0025,0.0,0.0
2002-08-13,2002-08-13,statements,0.00043568853079247323,0.0,-0.0013070655923774195,0.0,0.0,-0.0008713770615849465,0.005747126436781609,0.0,0.005747126436781609,0.0,0.0
2002-09-24,2002-09-24,statements,0.0003239635942186062,0.0,-0.0006479271884372124,0.0,0.0,-0.0003239635942186062,0.0047169811320754715,0.0,0.0023584905660377358,0.0,0.0
2002-11-06,2002-11-06,statements,0.0002484958946489848,-0.0002484958946489848,-0.0004969917892979696,0.0,0.0,-0.0004969917892979696,0.003952569169960474,0.003952569169960474,0.001976284584980237,0.0,0.0
2002-12-10,2002-12-10,statements,0.0004511558757925708,0.0,-0.0013534676273777124,0.0,0.0,-0.0009023117515851416,0.0058823529411764705,0.0,0.0058823529411764705,0.0,0.0
2003-01-29,2003-01-29,statements,0.0009103322712790169,-0.0004551661356395084,0.0,0.0,0.0,0.0004551661356395084,0.005917159763313609,0.005917159763313609,0.0,0.0,0.0
2003-03-18,2003-03-18,statements,0.00029433190497245103,-0.00029433190497245103,-0.00029433190497245103,0.0,0.0,-0.00029433190497245103,0.004424778761061947,0.004424778761061947,0.0008849557522123895,0.0,0.0
2003-05-06,2003-05-06,statements,-0.0006300127939257146,-0.0003150063969628573,0.0003150063969628573,0.0,0.0,-0.0006300127939257146,0.004629629629629629,0.004629629629629629,0.0015432098765432098,0.0,0.0
2003-06-25,2003-06-25,statements,-0.0003849001794597505,0.00019245008972987524,0.00019245008972987524,0.0,0.0,0.0,0.0033333333333333335,0.0033333333333333335,0.0011111111111111111,0.0,0.0
2003-08-12,2003-08-12,statements,0.0003239635942186062,0.0,0.0006479271884372124,0.0,-0.0003239635942186062,0.0006479271884372125,0.001572327044025157,0.0,0.0047169811320754715,0.0,0.0047169811320754715
2003-09-16,2003-09-16,statements,0.000328602647305883,0.0,0.000328602647305883,0.0,-0.000328602647305883,0.000328602647305883,0.0015873015873015873,0.0,0.004761904761904762,0.0,0.004761904761904762
2003-10-28,2003-10-28,statements,0.0003262693795362627,0.0,0.0003262693795362627,0.0,-0.0003262693795362627,0.0003262693795362627,0.001579778830963665,0.0,0.004739336492890996,0.0,0.004739336492890996
2003-12-09,2003-12-09,statements,-0.0003509182168450738,0.0003509182168450738,0.0003509182168450738,0.0,-0.0003509182168450738,0.0,0.0016583747927031507,0.004975124378109453,0.004975124378109453,0.0,0.004975124378109453
2004-01-28,2004-01-28,statements,-0.0003457450277554662,0.0,0.0,0.0,0.0,-0.0003457450277554662,0.0016420361247947454,0.0,0.0,0.0,0.0
2004-03-16,2004-03-16,statements,-0.00034831561620311477,0.0,0.00034831561620311477,0.0,0.0,0.0,0.00165016501650165,0.0,0.0049504950495049506,0.0,0.0
2004-05-04,2004-05-04,statements,0.00035355339059327376,0.00035355339059327376,0.00035355339059327376,0.0,0.0,0.0010606601717798212,0.0016666666666666666,0.005,0.005,0.0,0.0
2004-06-30,2004-06-30,statements,0.0002122953687800333,0.0002122953687800333,0.0002122953687800333,0.0,0.0,0.0006368861063400998,0.0011862396204033213,0.0035587188612099642,0.0035587188612099642,0.0,0.0
2004-08-10,2004-08-10,statements,0.0001934163652061004,0.0001934163652061004,-0.0001934163652061004,0.0,0.0,0.0001934163652061004,0.0011148272017837235,0.0033444816053511705,0.0033444816053511705,0.0,0.0
2004-09-21,2004-09-21,statements,-0.00021343368023828458,0.00021343368023828458,0.00021343368023828458,0.0,0.0,0.00021343368023828458,0.0011904761904761904,0.0035714285714285713,0.0035714285714285713,0.0,0.0
2004-11-10,2004-11-10,statements,0.0,0.0002371587971609858,0.0002371587971609858,0.0,0.0,0.0004743175943219716,0.0,0.0038314176245210726,0.0038314176245210726,0.0,0.0
2004-12-14,2004-12-14,statements,0.0,0.00017551489371656876,0.00017551489371656876,0.0,0.0,0.0003510297874331375,0.0,0.003134796238244514,0.003134796238244514,0.0,0.0
2005-02-02,2005-02-02,statements,0.0,0.0002318094780505476,0.0002318094780505476,0.0,0.0,0.0004636189561010952,0.0,0.0037735849056603774,0.0037735849056603774,0.0,0.0
2005-03-22,2005-03-22,statements,0.0006012387698431364,0.0002004129232810455,0.0002004129232810455,0.0,0.0,0.0010020646164052274,0.003424657534246575,0.003424657534246575,0.003424657534246575,0.0,0.0
2005-05-03,2005-05-03,statements,0.0004135051720203375,0.00020675258601016874,-0.00020675258601016874,0.0,0.0,0.0004135051720203375,0.0034965034965034965,0.0034965034965034965,0.0034965034965034965,0.0,0.0
2005-06-30,2005-06-30,statements,0.0006993834714734814,0.0002331278238244938,0.0,0.0,0.0,0.0009325112952979752,0.003787878787878788,0.003787878787878788,0.0,0.0,0.0
2005-08-09,2005-08-09,statements,0.0,0.0002204825158139332,0.0002204825158139332,0.0,0.0,0.0004409650316278664,0.0,0.0036496350364963502,0.0036496350364963502,0.0,0.0
2005-09-20,2005-09-20,statements,0.0,-0.00015013954899794742,-0.0007506977449897371,0.0,0.0,-0.0009008372939876845,0.0,0.002824858757062147,0.002824858757062147,0.0,0.0
2005-11-01,2005-11-01,statements,-0.0004314821179165951,0.00021574105895829756,0.0,0.0,0.0,-0.00021574105895829756,0.0017985611510791368,0.0035971223021582736,0.0,0.0,0.0
2005-12-13,2005-12-13,statements,-0.00029433190497245103,0.0,0.0,0.0,0.0,-0.00029433190497245103,0.0014749262536873156,0.0,0.0,0.0,0.0
2006-01-31,2006-01-31,statements,-0.00042828315991159607,0.0,0.0008565663198231921,0.0,0.0,0.00042828315991159607,0.0018939393939393938,0.0,0.005681818181818182,0.0,0.0
2006-03-28,2006-03-28,statements,-0.00027758641406529455,0.00027758641406529455,0.00027758641406529455,0.0,0.0,0.00027758641406529455,0.0014184397163120566,0.00425531914893617,0.00425531914893617,0.0,0.0
2006-05-10,2006-05-10,statements,-0.00024702984454258214,0.00024702984454258214,0.0004940596890851643,0.0,0.0,0.0004940596890851643,0.0013123359580052493,0.003937007874015748,0.003937007874015748,0.0,0.0
2006-06-29,2006-06-29,statements,0.0007822978346938039,0.0002607659448979347,-0.0005215318897958694,0.0,0.0,0.0005215318897958694,0.004081632653061225,0.004081632653061225,0.0020408163265306124,0.0,0.0
2006-08-08,2006-08-08,statements,0.0,0.0,0.0,0.0,0.0,0.0,0.0,0.0,0.0,0.0,0.0
2006-09-20,2006-09-20,statements,0.0,0.0,0.0,0.0,0.0,0.0,0.0,0.0,0.0,0.0,0.0
2006-10-25,2006-10-25,statements,0.0,0.0,0.0011150018222907798,0.0,0.0,0.0011150018222907798,0.0,0.0,0.0035842293906810036,0.0,0.0
2006-12-12,2006-12-12,statements,0.0,0.0,0.0019132607342995985,0.0,0.0,0.0019132607342995985,0.0,0.0,0.0048543689320388345,0.0,0.0
2007-01-31,2007-01-31,statements,0.0020475602472688928,0.0,0.002730080329691857,0.0,0.0,0.00477764057696075,0.007751937984496124,0.0,0.007751937984496124,0.0,0.0
2007-03-21,2007-03-21,statements,0.002253944402704733,0.0,0.0007513148009015778,0.0,0.0,0.003005259203606311,0.008264462809917356,0.0,0.008264462809917356,0.0,0.0
2007-05-09,2007-05-09,statements,0.002282177322938192,0.0,0.0007607257743127307,0.0,0.0,0.0030429030972509226,0.008333333333333333,0.0,0.008333333333333333,0.0,0.0
2007-06-18,2007-06-28,statements,0.0019340337886149855,0.0,0.0012893558590766569,0.0,0.0,0.0032233896476916426,0.007462686567164179,0.0,0.007462686567164179,0.0,0.0
2007-08-07,2007-08-07,statements,0.0014284185538592019,0.0004761395179530673,0.0014284185538592019,-0.0009522790359061346,0.0,0.002380697589765336,0.006097560975609756,0.006097560975609756,0.006097560975609756,0.006097560975609756,0.0
2007-08-10,2007-09-18,statements,0.0,0.0,0.0,0.0,0.0,0.0,0.0,0.0,0.0,0.0,0.0
2007-09-18,2007-09-18,statements,0.00034355823462327463,0.0,-0.0006871164692465493,-0.00034355823462327463,0.0,-0.0006871164692465493,0.004672897196261682,0.0,0.002336448598130841,0.004672897196261682,0.0
2007-10-31,2007-10-31,statements,0.0005554398509712422,0.0,-0.0002777199254856211,-0.0002777199254856211,0.0,0.0,0.004081632653061225,0.0,0.0013605442176870747,0.004081632653061225,0.0
2007-12-11,2007-12-11,statements,0.0010156561446210148,0.0,-0.00033855204820700495,-0.00033855204820700495,0.0,0.0003385520482070048,0.004629629629629629,0.0,0.004629629629629629,0.004629629629629629,0.0
2008-01-30,2008-01-30,statements,0.0008226954987627079,0.0,0.00041134774938135396,-0.0008226954987627079,0.0,0.00041134774938135407,0.005235602094240838,0.0,0.005235602094240838,0.005235602094240838,0.0
2008-03-11,2008-03-18,statements,0.0,0.0,0.0,0.0,0.0,0.0,0.0,0.0,0.0,0.0,0.0
2008-03-18,2008-03-18,statements,0.0013879320703264729,0.0,0.00027758641406529455,-0.0005551728281305891,-0.00027758641406529455,0.0008327592421958835,0.00425531914893617,0.0,0.0014184397163120566,0.00425531914893617,0.00425531914893617
2008-04-30,2008-04-30,statements,0.001527318421284235,-0.0003818296053210588,-0.0007636592106421175,-0.0007636592106421175,0.0,-0.00038182960532105866,0.005263157894736842,0.005263157894736842,0.002631578947368421,0.005263157894736842,0.0
2008-06-25,2008-06-25,statements,0.0023110046143568356,0.0,0.0,-0.0015406697429045568,0.0,0.0007703348714522786,0.008403361344537815,0.0,0.0,0.008403361344537815,0.0
2008-08-05,2008-08-05,statements,0.005098548837289542,0.0,0.0010197097674579084,0.0,0.0,0.006118258604747451,0.009345794392523364,0.0,0.009345794392523364,0.0,0.0
2008-09-16,2008-09-16,statements,0.004761651704656707,0.0,0.0,0.0,0.0,0.004761651704656707,0.010309278350515464,0.0,0.0,0.0,0.0
2008-10-08,2008-10-29,statements,0.00013687196125719708,0.0,-0.00041061588377159125,-0.0005474878450287883,0.0,-0.0008212317675431825,0.0005208333333333333,0.0,0.0026041666666666665,0.0026041666666666665,0.0
2008-10-29,2008-10-29,statements,0.0005466526776999389,0.0,-0.001366631694249847,-0.0005466526776999389,0.0,-0.001366631694249847,0.004081632653061225,0.0,0.0022675736961451248,0.004081632653061225,0.0
2009-01-28,2009-01-28,statements,0.00012320430256492295,-0.00012320430256492295,-0.0004928172102596918,-0.00036961290769476886,-0.00012320430256492295,-0.0009856344205193836,0.0008110300081103,0.0024330900243309003,0.0024330900243309003,0.0024330900243309003,0.0024330900243309003
2009-03-18,2009-03-18,statements,0.0001403862397944199,0.0001403862397944199,-0.0009827036785609393,-0.0001403862397944199,0.0,-0.0008423174387665196,0.0008841732979664014,0.002652519893899204,0.00206307102858827,0.002652519893899204,0.0
2009-04-29,2009-04-29,statements,0.0002740803556561243,0.0,-0.0005481607113122486,-0.00013704017782806215,0.0,-0.0004111205334841864,0.0013054830287206266,0.0,0.0013054830287206266,0.0026109660574412533,0.0
2009-06-24,2009-06-24,statements,-0.00016742379478065832,0.0,-0.0006696951791226333,-0.00016742379478065832,0.0,-0.00100454276868395,0.000992063492063492,0.0,0.002976190476190476,0.002976190476190476,0.0
2009-08-12,2009-08-12,statements,-0.00013981915941314548,0.0,-0.0004194574782394364,-0.00013981915941314548,0.0,-0.0006990957970657273,0.0008818342151675485,0.0,0.0026455026455026454,0.0026455026455026454,0.0
2009-09-23,2009-09-23,statements,-0.0001334141332395812,0.0,0.0,-0.0001334141332395812,0.0,-0.0002668282664791624,0.0008703220191470844,0.0,0.0,0.0026109660574412533,0.0
2009-11-04,2009-11-04,statements,-0.0002315297761655959,-0.00011576488808279795,0.0,-0.00011576488808279795,0.0,-0.0004630595523311918,0.0011876484560570072,0.0023752969121140144,0.0,0.0023752969121140144,0.0
2009-12-16,2009-12-16,statements,-0.0001657873460824895,0.0,0.0,0.0,0.0,-0.0001657873460824895,0.0009505703422053232,0.0,0.0,0.0,0.0
2010-01-27,2010-01-27,statements,-9.782923090957355e-05,-9.782923090957355e-05,0.0002934876927287206,9.782923090957355e-05,0.0,0.00019565846181914705,0.0007077140835102618,0.0007077140835102618,0.0009099181073703366,0.0007077140835102618,0.0
2010-03-16,2010-03-16,statements,-0.00015142096332074605,-0.00015142096332074605,0.0,0.00015142096332074605,0.0,-0.00015142096332074605,0.0009469696969696969,0.002840909090909091,0.0,0.0009469696969696969,0.0
2010-04-28,2010-04-28,statements,-0.0001877371587914322,0.0,0.0003754743175828644,0.0001877371587914322,0.0,0.0003754743175828644,0.001092896174863388,0.0,0.001092896174863388,0.001092896174863388,0.0
2010-05-09,2010-06-23,statements,0.0,0.0,0.0,-0.0002254002294259943,0.0,-0.0002254002294259943,0.0,0.0,0.0,0.003703703703703704,0.0
2010-06-23,2010-06-23,statements,-0.00048828125,0.0,0.000732421875,0.0,0.0,0.000244140625,0.001953125,0.0,0.00234375,0.0,0.0
2010-08-10,2010-08-10,statements,-0.00023318948388832052,-0.00011659474194416026,0.0,-0.00011659474194416026,0.0,-0.00046637896777664104,0.0011933174224343676,0.002386634844868735,0.0,0.002386634844868735,0.0
2010-09-21,2010-09-21,statements,-0.00038951514118602565,-0.00012983838039534187,-0.00025967676079068373,-0.00012983838039534187,0.0,-0.0009088686627673932,0.0015384615384615385,0.002564102564102564,0.001282051282051282,0.002564102564102564,0.0
2010-11-03,2010-11-03,statements,0.00020951312035156962,-0.00031426968052735446,0.0,-0.00010475656017578481,0.0,-0.00020951312035156962,0.0007407407407407407,0.0022222222222222222,0.0,0.0022222222222222222,0.0
2010-12-14,2010-12-14,statements,0.00010985826807728063,-0.00021971653615456127,0.0,-0.00010985826807728063,0.0,-0.00021971653615456127,0.00044543429844097997,0.0022271714922048997,0.0,0.0022271714922048997,0.0
2011-01-26,2011-01-26,statements,0.00011335333364859464,-0.00011335333364859464,0.0,-0.00011335333364859464,0.0,-0.00011335333364859464,0.00045454545454545455,0.0007575757575757576,0.0,0.0022727272727272726,0.0
2011-03-15,2011-03-15,statements,0.00020745418219864025,0.0,0.00020745418219864025,0.0,0.0,0.0004149083643972805,0.000715307582260372,0.0,0.001072961373390558,0.0,0.0
2011-04-27,2011-04-27,statements,0.00021575705432971237,0.0,0.00021575705432971237,0.0,0.0,0.00043151410865942475,0.0007137758743754461,0.0,0.0010706638115631692,0.0,0.0
2011-06-22,2011-06-22,statements,0.00032122430534835977,0.0,-0.00010707476844945327,0.0,0.0,0.0002141495368989065,0.00130718954248366,0.0,0.0004357298474945534,0.0,0.0
2011-08-09,2011-08-09,statements,0.0,-8.443911944781494e-05,-0.00025331735834344484,0.0,0.0,-0.00033775647779125977,0.0,0.0006325110689437065,0.0008132285172133369,0.0,0.0
2011-09-21,2011-09-21,statements,-7.00322039538324e-05,7.00322039538324e-05,-7.00322039538324e-05,-7.00322039538324e-05,0.0,-0.0001400644079076648,0.00033557046979865775,0.0005592841163310962,0.00033557046979865775,0.0016778523489932886,0.0
2011-11-02,2011-11-02,statements,-9.463084118256597e-05,9.463084118256597e-05,0.0004731542059128298,-9.463084118256597e-05,0.0,0.00037852336473026386,0.00040899795501022495,0.0006816632583503748,0.002044989775051125,0.002044989775051125,0.0
2011-12-13,2011-12-13,statements,-0.00022783539199399078,0.00011391769599699539,0.00045567078398798156,-0.00011391769599699539,0.0,0.00022783539199399075,0.0011547344110854503,0.0007698229407236335,0.0023094688221709007,0.0023094688221709007,0.0
2012-01-25,2012-01-25,statements,-0.0001203016783333672,0.0001203016783333672,0.0003609050350001016,-0.0001203016783333672,0.0,0.00024060335666673436,0.00047393364928909954,0.0007898894154818325,0.0014218009478672985,0.002369668246445498,0.0
2012-03-13,2012-03-13,statements,0.0,0.0002312361082317593,0.0004624722164635186,-0.00011561805411587965,0.0,0.0005780902705793983,0.0,0.0023094688221709007,0.0023094688221709007,0.0023094688221709007,0.0
2012-04-25,2012-04-25,statements,0.00022401528121644218,0.00022401528121644218,0.00022401528121644218,-0.00011200764060822109,0.0,0.0005600382030411055,0.0007541478129713423,0.0022624434389140274,0.0011312217194570137,0.0022624434389140274,0.0
2012-06-20,2012-06-20,statements,0.0,0.00017571313220331503,8.785656610165752e-05,-8.785656610165752e-05,0.0,0.000175713132203315,0.0,0.0009881422924901185,0.0003952569169960474,0.001976284584980237,0.0
2012-08-01,2012-08-01,statements,-0.00010546998662176034,-0.00010546998662176034,-0.00021093997324352068,-0.00010546998662176034,0.0,-0.0005273499331088017,0.00043383947939262476,0.0007230657989877079,0.0010845986984815619,0.0021691973969631237,0.0
2012-09-13,2012-09-13,statements,7.769049226657471e-05,0.00015538098453314942,0.00015538098453314942,-7.769049226657471e-05,-7.769049226657471e-05,0.0002330714767997241,0.00035398230088495576,0.0008849557522123894,0.0005899705014749262,0.0017699115044247787,0.0017699115044247787
2012-10-24,2012-10-24,statements,0.00024042062782815695,0.00016028041855210465,0.00016028041855210465,-8.014020927605233e-05,-8.014020927605233e-05,0.00040070104638026166,0.0010869565217391304,0.0009057971014492754,0.0006038647342995169,0.0018115942028985507,0.0018115942028985507
2012-12-12,2012-12-12,statements,5.6889034201366643e-05,0.0003413342052081998,0.0001706671026040999,-5.6889034201366643e-05,0.0,0.0005120013078122997,0.0001610305958132045,0.0014492753623188406,0.0008695652173913043,0.0014492753623188406,0.0
2013-01-30,2013-01-30,statements,0.00012987665699879493,0.0001948149854981924,0.0001948149854981924,-6.493832849939746e-05,0.0,0.0004545682994957823,0.0003081664098613251,0.0009244992295839753,0.0009244992295839753,0.0015408320493066256,0.0
2013-03-20,2013-03-20,statements,0.00013062662360564396,0.00019593993540846597,0.00032656655901410994,0.0,0.0,0.0006531331180282199,0.0003091190108191654,0.0009273570324574961,0.0015455950540958269,0.0,0.0
2013-05-01,2013-05-01,statements,0.00018414391933997644,0.0003069065322332941,0.00024552522578663523,0.0,6.138130644665881e-05,0.0007979569838065645,0.0004052411184654869,0.0014858841010401188,0.0009905894006934125,0.0,0.0004952947003467063
2013-06-19,2013-06-19,statements,5.757020772262923e-05,0.00034542124633577534,0.00017271062316788767,0.0,5.757020772262923e-05,0.0006332722849489215,0.0001097333479644464,0.0014265335235378032,0.0006113715100876299,0.0,0.000475511174512601
2013-07-31,2013-07-31,statements,0.00022892697841630122,0.0003433904676244518,0.00011446348920815061,0.0,5.7231744604075305e-05,0.0007440126798529789,0.00047348484848484844,0.0014204545454545455,0.0003551136363636364,0.0,0.00047348484848484844
2013-09-18,2013-09-18,statements,0.00018639279120995908,0.0002795891868149386,0.0003261873846174284,0.0,0.0,0.0007921693626423261,0.0004156275976724854,0.0009351620947630922,0.0006713984270093995,0.0,0.0
2013-10-30,2013-10-30,statements,0.00019466400461567264,0.000291996006923509,0.000291996006923509,0.0,0.0,0.0007786560184626905,0.00042735042735042735,0.0009615384615384616,0.000641025641025641,0.0,0.0
2013-12-18,2013-12-18,statements,4.038411276758343e-05,0.00032307290214066744,0.00020192056383791713,0.0,8.076822553516686e-05,0.0006461458042813349,8.731336767659129e-05,0.0009080590238365494,0.0006305965443309371,0.0,0.0005675368898978433
2014-01-29,2014-01-29,statements,4.314911378727664e-05,0.00038834202408548975,0.00025889468272365985,0.0,4.314911378727664e-05,0.000733534934383703,9.114108640174992e-05,0.001184834123222749,0.0008886255924170616,0.0,0.00039494470774091627
2014-03-19,2014-03-19,statements,-7.973916816741686e-05,0.00015947833633483372,7.973916816741686e-05,0.0,3.986958408370843e-05,0.00019934792041854214,0.00018747656542932132,0.0007499062617172853,0.00037495313085864263,0.0,0.00037495313085864263
2014-04-30,2014-04-30,statements,-4.497164095975731e-05,0.00017988656383902924,8.994328191951462e-05,0.0,4.497164095975731e-05,0.00026982984575854384,0.00011046062078868883,0.0008100445524503847,0.00040502227622519235,0.0,0.00040502227622519235
2014-06-18,2014-06-18,statements,-4.610578314649821e-05,0.00023052891573249108,0.00023052891573249108,0.0,4.610578314649821e-05,0.0004610578314649821,0.0001122334455667789,0.0008818342151675486,0.0008818342151675486,0.0,0.00041152263374485596
2014-07-30,2014-07-30,statements,8.335457720343063e-05,0.0002083864430085766,0.00016670915440686126,0.0,4.1677288601715315e-05,0.0005001274632205838,0.00028968713789107763,0.0006437491953135059,0.000772499034376207,0.0,0.0003862495171881035
2014-09-17,2014-09-17,statements,7.714569223167802e-05,0.00019286423057919504,0.00023143707669503403,0.0,0.0,0.0005014469995059071,0.0002205071664829107,0.000787525594581824,0.0008269018743109151,0.0,0.0
2014-10-29,2014-10-29,statements,-0.00010399150117680431,0.0002599787529420108,0.00020798300235360862,0.0,0.00010399150117680431,0.00046796175529561937,0.00027434842249657066,0.0009798157946306096,0.0013717421124828531,0.0,0.0013717421124828531
2014-12-17,2014-12-17,statements,-0.0002558571933270073,0.00020468575466160583,0.0002558571933270073,0.0,0.00010234287733080291,0.00030702863199240875,0.0006175889328063241,0.0009057971014492753,0.001358695652173913,0.0,0.001358695652173913
2015-01-28,2015-01-28,statements,-7.550448573716758e-05,0.00030201794294867034,0.00022651345721150275,0.0,0.00015100897147433517,0.0006040358858973407,0.0002501876407305479,0.0011675423234092236,0.0017513134851138354,0.0,0.0017513134851138354
2015-03-18,2015-03-18,statements,-0.00014513421691555027,0.00029026843383110054,-7.256710845777513e-05,0.0,7.256710845777513e-05,0.00014513421691555027,0.0004266211604095563,0.0011376564277588168,0.00034129692832764505,0.0,0.0017064846416382253
2015-04-29,2015-04-29,statements,-7.833193116776013e-05,0.0,-7.833193116776013e-05,0.0,7.833193116776013e-05,-7.833193116776013e-05,0.0002541942043721403,0.0,0.0005931198102016607,0.0,0.0017793594306049821
2015-06-17,2015-06-17,statements,-8.063639696366195e-05,0.0003225455878546478,0.00024190919089098586,0.0,8.063639696366195e-05,0.0005644547787456338,0.0002611647949856359,0.0018281535648994515,0.0018281535648994515,0.0,0.0018281535648994515
2015-07-29,2015-07-29,statements,-8.201076796821755e-05,0.0004920646078093052,0.0002460323039046526,0.0,8.201076796821755e-05,0.0007380969117139578,0.0002640612622128334,0.0018484288354898336,0.0018484288354898336,0.0,0.0018484288354898336
2015-09-17,2015-09-17,statements,7.188041776948906e-05,0.00043128250661693445,7.188041776948906e-05,-7.188041776948906e-05,7.188041776948906e-05,0.0005750433421559125,0.00024213075060532685,0.001694915254237288,0.00033898305084745765,0.001694915254237288,0.001694915254237288
2015-10-28,2015-10-28,statements,0.0,0.00014704951079462324,0.00022057426619193483,0.0,7.352475539731162e-05,0.00044114853238386967,0.0,0.0017211703958691911,0.0017211703958691911,0.0,0.0017211703958691911
2015-12-16,2015-12-16,statements,6.804138174397718e-05,0.0002721655269759087,0.00040824829046386303,0.0,6.804138174397718e-05,0.000816496580927726,0.0002380952380952381,0.0008333333333333334,0.0016666666666666668,0.0,0.0016666666666666668
2016-01-27,2016-01-27,statements,-7.387159844160996e-05,0.0005171011890912697,0.00036935799220804983,0.0,7.387159844160996e-05,0.0008864591812993194,0.00035211267605633805,0.0017605633802816902,0.0012575452716297787,0.0,0.0017605633802816902
2016-03-16,2016-03-16,statements,7.14061801759916e-05,0.0003570309008799579,0.0004998432612319412,0.0,7.14061801759916e-05,0.0009996865224638823,0.00034423407917383823,0.0017211703958691911,0.0017211703958691911,0.0,0.0017211703958691911
2016-04-27,2016-04-27,statements,-7.049423078259622e-05,0.0004229653846955773,0.0004229653846955773,0.0,7.049423078259622e-05,0.0008459307693911546,0.00034129692832764505,0.0017064846416382253,0.001279863481228669,0.0,0.0017064846416382253
2016-06-15,2016-06-15,statements,-7.752753322022198e-05,0.00031011013288088793,0.00023258259966066593,0.0,7.752753322022198e-05,0.0005426927325415539,0.00036363636363636367,0.0012121212121212121,0.001090909090909091,0.0,0.0018181818181818182
2016-07-27,2016-07-27,statements,-7.252675271550427e-05,0.00043516051629302556,7.252675271550427e-05,0.0,7.252675271550427e-05,0.0005076872690085298,0.00034782608695652176,0.0017391304347826088,0.0002484472049689441,0.0,0.0017391304347826088
2016-09-21,2016-09-21,statements,-6.588844956949586e-05,0.00032944224784747935,0.0,0.0,6.588844956949586e-05,0.00032944224784747935,0.0003262642740619902,0.0016313213703099511,0.0,0.0,0.0016313213703099511
2016-11-02,2016-11-02,statements,0.0003343389450033768,0.0003343389450033768,0.00013373557800135073,0.0,6.686778900067536e-05,0.0008692812570087798,0.0016474464579901153,0.0016474464579901153,0.0008237232289950577,0.0,0.0016474464579901153
2016-12-14,2016-12-14,statements,0.0003929843457597425,0.00047158121491169103,0.00015719373830389702,0.0,7.859686915194851e-05,0.001100356168127279,0.001834862385321101,0.001834862385321101,0.0009174311926605505,0.0,0.001834862385321101
2017-02-01,2017-02-01,statements,0.0002612429511854241,0.0002612429511854241,0.0002612429511854241,0.0,8.708098372847471e-05,0.0008708098372847471,0.0011787819253438114,0.0011787819253438114,0.0011787819253438114,0.0,0.0019646365422396855
2017-03-15,2017-03-15,statements,0.0002451768568377097,0.00032690247578361293,0.00032690247578361293,0.0,8.172561894590323e-05,0.0009807074273508387,0.0011299435028248588,0.0018832391713747645,0.0018832391713747645,0.0,0.0018832391713747645
2017-05-03,2017-05-03,statements,8.26578447569321e-05,0.0004132892237846604,0.0004132892237846604,0.0,8.26578447569321e-05,0.0009918941370831852,0.0003795066413662239,0.0018975332068311196,0.0018975332068311196,0.0,0.0018975332068311196
2017-06-14,2017-06-14,statements,-7.525852601082872e-05,0.00022577557803248616,0.00030103410404331486,0.0,0.00015051705202165743,0.0006020682080866297,0.0003565062388591801,0.0010695187165775401,0.0017825311942959,0.0,0.0017825311942959
2017-07-26,2017-07-26,statements,-8.531501030287053e-05,0.0004265750515143526,0.0003412600412114821,0.0,0.00017063002060574106,0.0008531501030287053,0.0003875968992248062,0.001937984496124031,0.001937984496124031,0.0,0.001937984496124031
2017-09-20,2017-09-20,statements,-7.881368802505001e-05,0.00039406844012525007,0.00015762737605010002,0.0,0.00015762737605010002,0.0006305095042004001,0.0003676470588235294,0.001838235294117647,0.0006127450980392157,0.0,0.001838235294117647
2017-11-01,2017-11-01,statements,-8.384829684528899e-05,0.0002515448905358669,0.0002515448905358669,0.0,0.00016769659369057798,0.0005869380779170228,0.0002736726874657909,0.0011494252873563218,0.0019157088122605363,0.0,0.0019157088122605363
2017-12-13,2017-12-13,statements,-0.00018160265655575546,0.0004540066413893886,0.0003632053131115109,0.0,9.080132827787773e-05,0.0007264106262230218,0.0006734006734006733,0.00202020202020202,0.00202020202020202,0.0,0.00202020202020202
2018-01-31,2018-01-31,statements,0.00022429898705600564,0.0003364484805840085,0.0004485979741120113,0.0,0.00011214949352800282,0.0011214949352800283,0.0007751937984496124,0.0013953488372093023,0.002325581395348837,0.0,0.002325581395348837
2018-03-21,2018-03-21,statements,0.00020539162534686272,0.0005134790633671567,0.00010269581267343136,0.0,0.00010269581267343136,0.0009242623140608822,0.0007309941520467836,0.0021929824561403508,0.0004385964912280702,0.0,0.0021929824561403508
2018-05-02,2018-05-02,statements,0.00011214949352800282,0.0005607474676400142,0.00022429898705600564,0.0,0.00011214949352800282,0.0010093454417520254,0.0007751937984496124,0.002325581395348837,0.0011627906976744186,0.0,0.002325581395348837
2018-06-13,2018-06-13,statements,0.00035712463696290284,0.0007142492739258057,0.0005356869554443542,0.0,0.0,0.0016070608663330628,0.0030303030303030303,0.0030303030303030303,0.0030303030303030303,0.0,0.0
2018-08-01,2018-08-01,statements,0.0003785718650495887,0.0007571437300991773,0.00018928593252479434,0.0,0.0,0.0013250015276735604,0.0031446540880503146,0.0031446540880503146,0.0031446540880503146,0.0,0.0
2018-09-26,2018-09-26,statements,0.00020752426878823012,0.0006225728063646904,0.00020752426878823012,0.0,0.0,0.0010376213439411506,0.0033333333333333335,0.0033333333333333335,0.0033333333333333335,0.0,0.0
2018-11-08,2018-11-08,statements,0.00019407563553699265,0.000582226906610978,-0.00019407563553699265,0.0,0.0,0.000582226906610978,0.003194888178913738,0.003194888178913738,0.0010649627263045792,0.0,0.0
2018-12-19,2018-12-19,statements,0.00017066436858401748,0.0005119931057520525,-0.00017066436858401748,0.0,0.0,0.0005119931057520525,0.0029411764705882353,0.0029411764705882353,0.000980392156862745,0.0,0.0
2019-01-30,2019-01-30,statements,0.0,0.0005064214753607485,-0.00016880715845358287,0.0,0.0,0.0003376143169071657,0.0,0.002967359050445104,0.0009891196834817012,0.0,0.0
2019-03-20,2019-03-20,statements,-0.0004714165973585517,0.0004714165973585517,0.00015713886578618387,0.0,0.0,0.00015713886578618387,0.0016997167138810198,0.0028328611898017,0.0028328611898017,0.0,0.0
2019-05-01,2019-05-01,statements,-0.0005255839675114604,0.0005255839675114604,0.00017519465583715348,0.0,0.0,0.00017519465583715348,0.00182370820668693,0.00303951367781155,0.00303951367781155,0.0,0.0
2019-06-19,2019-06-19,statements,-0.00032312152786288665,0.00048468229179432997,0.00016156076393144332,0.0,0.0,0.00032312152786288665,0.001366120218579235,0.00273224043715847,0.0009107468123861566,0.0,0.0
2019-07-31,2019-07-31,statements,-0.0004029299246188105,0.0004029299246188105,0.00013430997487293682,0.0,0.0,0.00013430997487293682,0.0014527845036319612,0.002421307506053269,0.0008071025020177562,0.0,0.0
2019-09-18,2019-09-18,statements,-0.00042811193536210917,0.00042811193536210917,0.00042811193536210917,0.0,0.0,0.00042811193536210917,0.001507537688442211,0.002512562814070352,0.002512562814070352,0.0,0.0
2019-10-30,2019-10-30,statements,-0.0004669929155659381,0.0004669929155659381,0.0003113286103772921,0.0,0.0,0.0003113286103772921,0.0016759776536312849,0.002793296089385475,0.002793296089385475,0.0,0.0
2019-12-11,2019-12-11,statements,-0.0005497526113249038,0.0005497526113249038,0.0003665017408832692,0.0,0.0,0.0003665017408832692,0.0018691588785046728,0.003115264797507788,0.003115264797507788,0.0,0.0
2020-01-29,2020-01-29,statements,-0.0005507062158773735,0.0005507062158773735,0.00036713747725158235,0.0,0.0,0.00036713747725158235,0.0018691588785046728,0.003115264797507788,0.003115264797507788,0.0,0.0
2020-03-03,2020-03-03,statements,0.0,0.0,0.0006102078630791158,0.0,0.0,0.0006102078630791158,0.0,0.0,0.007194244604316547,0.0,0.0
2020-03-15,2020-03-15,statements,-0.00010752868320461498,0.00021505736640922997,0.00016129302480692248,5.376434160230749e-05,0.0,0.00032258604961384497,0.00047483380816714147,0.0014245014245014246,0.0006105006105006105,0.0014245014245014246,0.0
2020-04-29,2020-04-29,statements,-0.00033411473911436676,0.00011137157970478892,-0.0005568578985239446,0.0,0.0,-0.0007796010579335224,0.0023148148148148147,0.0023148148148148147,0.0023148148148148147,0.0,0.0
2020-06-10,2020-06-10,statements,-0.0003306643458519891,0.00011022144861732969,-0.0003306643458519891,0.0,0.0,-0.0005511072430866485,0.0022988505747126436,0.0022988505747126436,0.001379310344827586,0.0,0.0
2020-07-29,2020-07-29,statements,-0.0003080874380202941,0.00010269581267343136,-0.0003080874380202941,0.0,0.0,-0.0005134790633671569,0.0021929824561403508,0.0021929824561403508,0.0013157894736842105,0.0,0.0
2020-09-16,2020-09-16,statements,-7.607066402280714e-05,0.00022821199206842145,-7.607066402280714e-05,0.0,0.0,7.607066402280717e-05,0.0001994813484939158,0.0017953321364452424,0.0003590664272890485,0.0,0.0
2020-11-05,2020-11-05,statements,-0.00029070583049026926,0.0001938038869935128,-0.0003876077739870256,0.0,0.0,-0.00048450971748378207,0.0009041591320072332,0.002109704641350211,0.002109704641350211,0.0,0.0
2020-12-16,2020-12-16,statements,-0.00018552406975925928,0.00027828610463888896,-0.00037104813951851855,0.0,0.0,-0.00027828610463888896,0.0005122950819672131,0.0020491803278688526,0.0020491803278688526,0.0,0.0
2021-01-27,2021-01-27,statements,-0.00018160265655575546,0.00018160265655575546,-0.0003632053131115109,0.0,0.0,-0.0003632053131115109,0.000505050505050505,0.00101010101010101,0.00202020202020202,0.0,0.0
2021-03-17,2021-03-17,statements,-9.21946839699236e-05,0.0003687787358796944,-0.0003687787358796944,0.0,0.0,-9.219468396992359e-05,0.0002915451895043732,0.0020408163265306124,0.0020408163265306124,0.0,0.0
2021-04-28,2021-04-28,statements,9.333522872973548e-05,0.00037334091491894193,0.0,0.0,0.0,0.00046667614364867744,0.00029394473838918284,0.00205761316872428,0.0,0.0,0.0
2021-06-16,2021-06-16,statements,9.391435011269723e-05,0.0003756574004507889,0.00018782870022539445,0.0,0.0,0.0006574004507888807,0.00029515938606847696,0.002066115702479339,0.002066115702479339,0.0,0.0
2021-07-28,2021-07-28,statements,8.998207127474314e-05,0.00035992828509897256,0.00017996414254948628,0.0,0.0,0.000629874498923202,0.00028686173264486515,0.002008032128514056,0.002008032128514056,0.0,0.0
2021-09-22,2021-09-22,statements,8.531501030287053e-05,0.0003412600412114821,0.00017063002060574106,0.0,0.0,0.0005972050721200937,0.0002768549280177187,0.001937984496124031,0.001937984496124031,0.0,0.0
2021-11-03,2021-11-03,statements,0.0,0.000256615631097896,0.00032076953887237006,0.0,0.0,0.0005773851699702661,0.0,0.0016025641025641025,0.0016025641025641025,0.0,0.0
2021-12-15,2021-12-15,statements,8.172561894590323e-05,0.0004086280947295162,0.0002451768568377097,0.0,8.172561894590323e-05,0.0008172561894590324,0.0006277463904582548,0.0018832391713747645,0.0018832391713747645,0.0,0.0018832391713747645
2022-01-26,2022-01-26,statements,0.00010834802150518095,0.0005417401075259047,0.0003250440645155428,0.0,0.00010834802150518095,0.0010834802150518094,0.0007575757575757576,0.0022727272727272726,0.0022727272727272726,0.0,0.0022727272727272726
2022-03-16,2022-03-16,statements,0.0005905211425493742,0.0005905211425493742,0.0,0.0,0.0,0.0011810422850987484,0.002793296089385475,0.002793296089385475,0.0,0.0,0.0
2022-05-04,2022-05-04,statements,0.0006516968207755705,0.0001303393641551141,-0.0002606787283102282,0.0,0.0,0.0005213574566204564,0.002570694087403599,0.0008568980291345329,0.0012853470437017994,0.0,0.0
2022-06-15,2022-06-15,statements,0.0005442798940461796,0.0,0.0,0.0,0.0,0.0005442798940461796,0.0026455026455026454,0.0,0.0,0.0,0.0
2022-07-27,2022-07-27,statements,0.0006890586799686158,0.0,-0.00017226466999215395,0.0,0.0,0.0005167940099764618,0.0030959752321981426,0.0,0.0030959752321981426,0.0,0.0
2022-09-21,2022-09-21,statements,0.0006858710562414266,0.0,-0.0006858710562414266,0.0,0.0,0.0,0.0030864197530864196,0.0,0.0030864197530864196,0.0,0.0
2022-11-02,2022-11-02,statements,0.0007642854765974091,0.0,-0.0002547618255324697,0.0,0.0,0.0005095236510649394,0.002531645569620253,0.0,0.0008438818565400843,0.0,0.0
2022-12-14,2022-12-14,statements,0.0007642854765974091,0.0,-0.0002547618255324697,0.0,0.0,0.0005095236510649394,0.002531645569620253,0.0,0.0008438818565400843,0.0,0.0
2023-02-01,2023-02-01,statements,0.0006031119494757501,0.0,-0.00030155597473787506,0.0,0.0,0.00030155597473787506,0.0028328611898017,0.0,0.0009442870632672332,0.0,0.0
2023-03-22,2023-03-22,statements,0.00039712768163970827,0.0002647517877598055,-0.0002647517877598055,0.0,0.0,0.0003971276816397083,0.0025974025974025974,0.0025974025974025974,0.0008658008658008658,0.0,0.0
2023-05-03,2023-05-03,statements,0.0003041370442641731,0.0,0.0003041370442641731,0.0,0.0,0.0006082740885283462,0.002849002849002849,0.0,0.0014245014245014246,0.0,0.0
2023-06-14,2023-06-14,statements,0.000291587694999271,0.0,0.0004373815424989065,0.0,0.0,0.0007289692374981776,0.002770083102493075,0.0,0.0016620498614958448,0.0,0.0
2023-07-26,2023-07-26,statements,0.00030155597473787506,0.0,0.0004523339621068126,0.0,0.0,0.0007538899368446876,0.0028328611898017,0.0,0.0016997167138810198,0.0,0.0
2023-09-20,2023-09-20,statements,0.0002952605712746871,0.0,0.00044289085691203063,0.0,0.0,0.0007381514281867177,0.002793296089385475,0.0,0.0016759776536312849,0.0,0.0
2023-11-01,2023-11-01,statements,0.00028799033975876877,-0.00028799033975876877,0.00043198550963815315,0.0,0.0,0.00043198550963815315,0.0027472527472527475,0.0027472527472527475,0.0016483516483516484,0.0,0.0
2023-12-13,2023-12-13,statements,0.00027541214906363855,-0.00027541214906363855,0.0004131182235954578,0.0,0.0,0.0004131182235954578,0.0026666666666666666,0.0026666666666666666,0.0015999999999999999,0.0,0.0
2024-01-31,2024-01-31,statements,0.00045041864699384225,-0.00030027909799589485,0.00015013954899794742,0.0,0.0,0.00030027909799589485,0.002824858757062147,0.002824858757062147,0.0009416195856873823,0.0,0.0
2024-03-20,2024-03-20,statements,0.0004621174719128425,0.0,0.00015403915730428087,0.0,0.0,0.0006161566292171234,0.0028735632183908046,0.0,0.0009578544061302681,0.0,0.0
2024-05-01,2024-05-01,statements,0.00034119829796585156,0.0,0.00011373276598861718,0.0,0.0,0.0004549310639544687,0.002347417840375587,0.0,0.0007824726134585289,0.0,0.0
2024-06-12,2024-06-12,statements,0.0002903802934959319,0.0,0.00014519014674796595,0.0,0.0,0.0004355704402438979,0.0013812154696132596,0.0,0.0009208103130755064,0.0,0.0
2024-07-31,2024-07-31,statements,0.0002710635867744138,0.0,0.0001355317933872069,0.0,0.0,0.00040659538016162065,0.002638522427440633,0.0,0.0008795074758135443,0.0,0.0
2024-09-18,2024-09-18,statements,0.0002743141612390408,0.0,0.0001371570806195204,0.0,0.0,0.0004114712418585612,0.0026595744680851063,0.0,0.0008865248226950354,0.0,0.0
2024-11-07,2024-11-07,statements,0.00016092553053858615,0.0,0.00016092553053858615,0.0,0.0,0.0003218510610771723,0.0029585798816568047,0.0,0.0009861932938856016,0.0,0.0
2024-12-18,2024-12-18,statements,0.00014340381440827775,0.0,0.00014340381440827775,0.0,0.0,0.0002868076288165555,0.0027397260273972603,0.0,0.0009132420091324201,0.0,0.0
2025-01-29,2025-01-29,statements,0.00016989226246064764,0.00033978452492129527,0.00016989226246064764,0.0,0.0,0.0006795690498425905,0.003067484662576687,0.003067484662576687,0.0010224948875255623,0.0,0.0
2025-03-19,2025-03-19,statements,0.00013237589387990275,0.0002647517877598055,0.0002647517877598055,0.0,0.0,0.0006618794693995138,0.0025974025974025974,0.0025974025974025974,0.0025974025974025974,0.0,0.0
2025-05-07,2025-05-07,statements,0.0003162210938221492,0.0001581105469110746,0.0003162210938221492,0.0,0.0,0.000790552734555373,0.0029239766081871343,0.0009746588693957114,0.0029239766081871343,0.0,0.0
2025-06-18,2025-06-18,statements,0.00017886862533936858,0.0,0.00017886862533936858,0.0,0.0,0.00035773725067873716,0.0031746031746031746,0.0,0.001058201058201058,0.0,0.0
2025-07-30,2025-07-30,statements,0.00015605272523425088,0.0,-0.00046815817570275257,0.0,0.0,-0.0003121054504685017,0.002898550724637681,0.0,0.002898550724637681,0.0,0.0
2025-09-17,2025-09-17,statements,0.00014950560350261274,0.00014950560350261274,-0.0004485168105078382,0.0,0.0,-0.0001495056035026127,0.0028169014084507044,0.0009389671361502347,0.0028169014084507044,0.0,0.0
2025-10-29,2025-10-29,statements,0.00013186181309826105,0.00013186181309826105,0.0,0.0,0.0,0.0002637236261965221,0.0025906735751295338,0.0008635578583765112,0.0,0.0,0.0
2025-12-10,2025-12-10,statements,0.0001222393268437106,0.0001222393268437106,0.0001222393268437106,0.0,0.0,0.00036671798053113184,0.0024630541871921183,0.0008210180623973727,0.0008210180623973727,0.0,0.0
