date,meeting_date,doc_type,speaker_types,gardner_inf,gardner_labor,gardner_out,gardner_fin,gardner_mp,gardner_total,gardner_inf_consensus,gardner_labor_consensus,gardner_out_consensus,gardner_fin_consensus,gardner_mp_consensus
1999-02-03,1999-02-03,speech,{'unknown'},8.570541896456992e-07,4.732985823416548e-07,1.7567478912140702e-06,-4.050753632653803e-07,4.26395119226716e-09,2.6862892511283116e-06,6.87297136001034e-07,1.0537025384254226e-06,7.896196024430892e-07,2.2106499480718326e-06,2.6295099382328115e-06
1999-03-30,1999-03-30,speech,{'unknown'},1.0800892596249097e-06,1.542984656607014e-07,8.177818680017173e-06,-9.257907939642085e-07,0.0,8.486415611338577e-06,8.755439316675486e-06,5.753574408101033e-06,1.0813455447849458e-05,2.8767872040505163e-05,0.0
1999-05-18,1999-05-18,speech,{'unknown'},1.5845450601034522e-06,5.942043975387945e-06,8.91306596308192e-06,-1.9806813251293152e-07,0.0,1.6241586866060386e-05,3.315017859658719e-06,2.4270666472501336e-05,9.616679168349585e-06,3.397893306150187e-05,0.0
1999-06-30,1999-06-30,speech,{'unknown'},6.153178144204525e-06,2.051059381401508e-06,6.153178144204525e-06,-2.3440678644588666e-06,2.930084830573583e-07,1.2306356288409048e-05,2.259551446758512e-05,3.431170715448111e-05,9.550681372896803e-06,4.411505205576143e-05,4.411505205576143e-05
1999-08-24,1999-08-24,speech,{'unknown'},0.0,0.0,1.3921668373157588e-05,0.0,0.0,1.3921668373157588e-05,0.0,0.0,0.00012152144853566654,0.0,0.0
1999-10-05,1999-10-05,speech,{'unknown'},2.544033537670241e-06,4.542917031554002e-06,8.540684019321524e-06,-2.9074669001945613e-06,0.0,1.2720167688351206e-05,8.317589324968215e-06,1.9562274544785872e-05,1.1337294149714999e-05,3.208213025344883e-05,0.0
1999-11-16,1999-11-16,speech,{'unknown'},-1.3398418612011515e-06,5.742179405147792e-07,6.507803325834165e-06,-1.9140598017159307e-06,0.0,3.828119603431862e-06,2.3967899449868226e-06,9.057998363521628e-06,8.065931876088308e-06,3.3212660666245974e-05,0.0
1999-12-21,1999-12-21,speech,{'unknown'},2.3704865642829406e-05,1.1378335508558116e-05,9.481946257131763e-06,0.0,0.0,4.456514740851929e-05,4.7311657024550964e-05,8.272781171150054e-05,1.787329265371925e-05,0.0,0.0
2000-02-02,2000-02-02,speech,{'unknown'},3.9680896445714934e-06,4.960112055714368e-06,-6.448145672428678e-06,-4.960112055714367e-07,0.0,1.9840448222857467e-06,1.392457060105409e-05,3.481142650263523e-05,5.0595489451035045e-06,6.26605677047434e-05,0.0
2000-03-21,2000-03-21,speech,{'unknown'},4.179658737753835e-06,-7.599379523188792e-07,-1.7098603927174782e-06,-7.599379523188792e-07,1.899844880797198e-07,1.1399069284783185e-06,2.13840121461189e-05,6.609603754254932e-06,2.2363320973043003e-06,3.304801877127466e-05,3.304801877127466e-05
2000-05-16,2000-05-16,speech,{'unknown'},3.2347361534370426e-06,2.8303941342574126e-06,1.9004074901442626e-05,-2.0217100958981516e-07,0.0,2.4867034179547265e-05,7.2333253766754186e-06,9.493739556886487e-06,1.0407131409298306e-05,2.1699976130026256e-05,0.0
2000-06-28,2000-06-28,speech,{'unknown'},1.1615502778951857e-05,4.904323395557451e-06,7.227423951347823e-06,-1.2906114198835399e-06,0.0,2.245663870597359e-05,2.643912567573999e-05,3.348955918927065e-05,1.0510368478504044e-05,4.0539992702801315e-05,0.0
2000-08-22,2000-08-22,speech,{'unknown'},2.3317133413989572e-06,9.326853365595829e-06,5.596112019357497e-05,-1.8653706731191658e-05,0.0,4.89659801693781e-05,0.00017583963425356076,0.00011722642283570717,0.0001406717074028486,0.00017583963425356076,0.0
2000-10-03,2000-10-03,speech,{'unknown'},3.2291637662620254e-06,3.2291637662620254e-06,2.7447892013227212e-05,-1.6145818831310127e-06,0.0,3.2291637662620257e-05,2.8900063580139876e-05,4.3350095370209814e-05,5.2639401520969056e-05,2.8900063580139876e-05,0.0
2000-11-15,2000-11-15,speech,{'unknown'},4.7942690615852975e-06,4.5659705348431407e-07,6.392358748780397e-06,-4.5659705348431407e-07,0.0,1.1186627810365693e-05,1.5380998314682042e-05,7.470770609988421e-06,1.1621198726648653e-05,3.73538530499421e-05,0.0
2000-12-19,2000-12-19,speech,{'unknown'},9.281172560176988e-06,1.134365535132743e-05,4.6405862800884944e-05,-3.093724186725663e-06,0.0,6.39369665256637e-05,3.674594263550066e-05,6.604662892001753e-05,5.279589459123659e-05,0.00010207206287639073,0.0
2001-01-31,2001-01-31,speech,{'unknown'},2.6778271490936964e-05,2.082754449295097e-05,7.14087239758319e-05,-2.975363498992996e-06,0.0,0.00011603917646072683,0.00016925565125813368,0.00013164328431188174,0.00010793113993272291,0.0002068680182043856,0.0
2001-03-20,2001-03-20,speech,{'unknown'},1.186515078219724e-06,2.542532310470837e-06,1.1526146474134462e-05,-1.3560172322511131e-06,0.0,1.389917663057391e-05,5.497310244630306e-06,2.7024592379064947e-05,1.7954269419654644e-05,3.0627871362940275e-05,0.0
2001-05-15,2001-05-15,speech,{'unknown'},4.211037716384787e-06,1.4520819711671678e-07,3.3397885336844865e-06,-7.26040985583584e-07,2.9041639423343357e-07,7.260409855835841e-06,1.3579175725303578e-05,5.525319777882145e-06,6.55063685006646e-06,2.7626598889410726e-05,2.7626598889410726e-05
2001-06-27,2001-06-27,speech,{'unknown'},1.9762062195253112e-06,1.796551108659374e-06,1.455206398014093e-05,-3.5931022173187476e-07,0.0,1.796551108659374e-05,6.86724001877878e-06,1.0613007301749024e-05,9.881075763697368e-06,3.183902190524707e-05,0.0
2001-08-21,2001-08-21,speech,{'unknown'},2.1210819845328096e-05,0.0,5.939029556691867e-05,0.0,0.0,8.060111541224676e-05,7.707485509927241e-05,0.0,0.00011464884696016772,0.0,0.0
2001-10-02,2001-10-02,speech,{'unknown'},7.401285264027603e-06,0.0,7.401285264027603e-06,-4.934190176018402e-06,0.0,9.868380352036805e-06,0.00018258170531312764,0.0,6.0860568437709206e-05,0.00018258170531312764,0.0
2001-11-06,2001-11-06,speech,{'unknown'},5.743308657902366e-07,0.0,1.550693337633639e-05,-6.3176395236926025e-06,0.0,9.763624718434023e-06,7.677130595668563e-06,0.0,3.96923986116481e-05,6.909417536101706e-05,0.0
2001-12-11,2001-12-11,speech,{'unknown'},5.175082494023793e-06,-4.312568745019828e-07,1.3368963109561468e-05,-3.0187981215138793e-06,0.0,1.5093990607569399e-05,2.4463235833747848e-05,5.708088361207832e-05,2.2980615480187375e-05,5.708088361207832e-05,0.0
2002-01-30,2002-01-30,speech,{'unknown'},5.610725514418961e-06,-3.117069730232756e-06,6.857553406512063e-06,-6.234139460465513e-07,1.2468278920931025e-06,9.97462313674482e-06,1.876544239530447e-05,4.054262245899114e-05,9.44404617280029e-06,7.297672042618404e-05,7.297672042618404e-05
2002-03-19,2002-03-19,speech,{'unknown'},2.781635972063626e-06,5.057519949206592e-07,1.3655303862857799e-05,-1.264379987301648e-06,0.0,1.5678311842540436e-05,2.0946515927921136e-05,1.9994401567561083e-05,1.4790379241757512e-05,3.9988803135122166e-05,0.0
2002-05-07,2002-05-07,speech,{'unknown'},6.6576099450987915e-06,6.052372677362538e-07,1.2104745354725075e-05,-3.0261863386812687e-06,6.052372677362538e-07,1.6946643496615104e-05,7.155123068116771e-05,7.155123068116771e-05,3.4072014610079865e-05,7.155123068116771e-05,7.155123068116771e-05
2002-06-26,2002-06-26,speech,{'unknown'},0.0,0.0,8.531095058372052e-06,-2.941756916680018e-07,0.0,8.23691936670405e-06,0.0,0.0,2.850515058582999e-05,4.423213021939137e-05,0.0
2002-08-13,2002-08-13,speech,{'unknown'},-8.320002878361371e-06,0.0,1.3866671463935617e-05,0.0,0.0,5.5466685855742465e-06,0.00019739439399921041,0.0,7.592092076892709e-05,0.0,0.0
2002-09-24,2002-09-24,speech,{'unknown'},0.0,0.0,0.0,0.0,0.0,0.0,0.0,0.0,0.0,0.0,0.0
2002-11-06,2002-11-06,speech,{'unknown'},3.109597716855209e-06,1.2167991065955165e-06,7.165594738840264e-06,-1.622398808794022e-06,0.0,9.869592753496968e-06,1.4089977370271126e-05,1.82368603421235e-05,7.977902714744821e-06,2.63421316052895e-05,0.0
2002-12-10,2002-12-10,speech,{'unknown'},-9.574809622859119e-07,-4.787404811429559e-07,-1.172914178800242e-05,-2.8724428868577354e-06,0.0,-1.6037806118289022e-05,5.140264980659753e-06,1.9275993677474075e-05,1.2187402454144897e-05,3.855198735494815e-05,0.0
2003-01-29,2003-01-29,speech,{'unknown'},9.823885168276512e-06,0.0,1.1610046107963151e-05,0.0,0.0,2.1433931276239663e-05,3.778238035865783e-05,0.0,2.0433922197055315e-05,0.0,0.0
2003-03-18,2003-03-18,speech,{'unknown'},5.86811826758411e-06,7.185450939898911e-07,7.544723486893856e-06,-2.035877766304691e-06,1.1975751566498182e-07,1.2215266597828148e-05,7.989967210152933e-06,4.049337123512881e-06,6.19696126594279e-06,2.4296022741077287e-05,2.4296022741077287e-05
2003-05-06,2003-05-06,speech,{'unknown'},9.710232564347558e-06,1.307146691354479e-06,1.6806171745986158e-05,-3.734704832441369e-07,0.0,2.7450080518444058e-05,1.1963709467757574e-05,1.345240634722967e-05,1.2251298637655592e-05,3.267012970041491e-05,0.0
2003-06-25,2003-06-25,speech,{'unknown'},6.4753543653027925e-06,8.931523262486611e-07,5.358913957491966e-06,-4.4657616312433054e-07,2.2328808156216527e-07,1.2504132567481257e-05,2.0138749036465024e-05,3.68052999631947e-05,1.05157999894842e-05,3.68052999631947e-05,3.68052999631947e-05
2003-08-12,2003-08-12,speech,{'unknown'},-7.5383179981783e-06,2.6922564279208214e-06,-1.5615087281940764e-05,-1.0769025711683287e-06,0.0,-2.1538051423366568e-05,1.077441906641198e-05,2.2061905707415006e-05,3.4897923573547374e-05,6.618571712224501e-05,0.0
2003-09-16,2003-09-16,speech,{'unknown'},9.82911730983668e-06,1.802004840136725e-05,5.406014520410174e-05,0.0,-1.6381862183061135e-06,8.027112469699957e-05,1.603454910847907e-05,8.991923617696106e-05,7.279176261944467e-05,0.0,0.00013896609227348526
2003-10-28,2003-10-28,speech,{'unknown'},5.62321866742293e-06,3.0278869747661928e-06,2.033009825914444e-05,-2.595331692656737e-06,0.0,2.6385872208676823e-05,6.245346016189858e-06,1.576349355047921e-05,1.6934495928514808e-05,3.603084240109534e-05,0.0
2003-12-09,2003-12-09,speech,{'unknown'},2.019857066032618e-06,8.584392530638627e-06,8.079428264130471e-06,-1.009928533016309e-06,0.0,1.7673749327785403e-05,1.2291467570499249e-05,1.616913293500199e-05,7.794589191048305e-06,2.6631513069415037e-05,0.0
2004-01-28,2004-01-28,speech,{'unknown'},-8.919210148462351e-07,8.250269387327673e-06,2.1852064863732763e-05,-1.7838420296924703e-06,-2.2298025371155878e-07,2.7203590952810175e-05,6.128577557148985e-06,2.6677337601707348e-05,1.7325017325017324e-05,2.101226591022509e-05,3.6771465342893915e-05
2004-03-16,2004-03-16,speech,{'unknown'},7.89582872936085e-07,6.316662983488679e-07,2.5266651933954718e-06,-4.73749723761651e-07,0.0,3.4741646409187743e-06,6.351271016355793e-06,5.84316933504733e-06,2.5684260813394856e-06,2.921584667523665e-05,0.0
2004-05-04,2004-05-04,speech,{'unknown'},8.101415874001061e-06,4.883045184329407e-06,1.453815725334437e-05,-6.658697978631009e-07,0.0,2.6856748513811735e-05,1.0602731902806935e-05,6.774128985574185e-06,1.0396097669988498e-05,1.732021615629763e-05,0.0
2004-06-30,2004-06-30,speech,{'unknown'},6.478458983621201e-06,2.540572150439687e-06,8.51091670397295e-06,-2.540572150439687e-07,0.0,1.7275890622989867e-05,1.2759975110542666e-05,1.9438272792832722e-05,1.2358201169749854e-05,2.5269754630682536e-05,0.0
2004-08-10,2004-08-10,speech,{'unknown'},1.1600648737586424e-06,3.480194621275927e-06,2.9581654280845377e-05,-2.900162184396606e-06,0.0,3.132175159148334e-05,5.795891871841239e-06,1.3910140492418974e-05,2.980744391232637e-05,6.955070246209486e-05,0.0
2004-09-21,2004-09-21,speech,{'unknown'},4.458067838949113e-05,-3.343550879211835e-05,1.9106005024067628e-05,0.0,0.0,3.025117462144041e-05,8.299640744122077e-05,0.00010605096506378208,3.408781019907281e-05,0.0,0.0
2004-11-10,2004-11-10,speech,{'unknown'},2.0856704977163428e-06,1.1376384532998234e-06,1.4315283870689443e-05,-4.1713409954326855e-06,9.480320444165194e-08,1.3462055030714578e-05,3.87634733904613e-06,1.3860878363861918e-05,1.0030316132315413e-05,2.0791317545792878e-05,6.930439181930959e-06
2004-12-14,2004-12-14,speech,{'unknown'},7.313325256867016e-06,1.950220068497871e-06,7.313325256867016e-06,4.875550171244678e-07,0.0,1.7064425599356374e-05,2.65484376244458e-05,1.3765856546008933e-05,9.385811281369728e-06,6.194635445704021e-05,0.0
2005-02-02,2005-02-02,speech,{'unknown'},3.96739608445702e-06,-3.0518431418900155e-06,1.556440002363908e-05,-1.5259215709450077e-06,0.0,1.4954031395261075e-05,9.660249041220283e-06,6.125521741314317e-06,1.2103517828125776e-05,4.5328860885725944e-05,0.0
2005-03-22,2005-03-22,speech,{'unknown'},1.1816465566362548e-05,2.954116391590637e-06,1.529189661529271e-05,-3.4754310489301613e-07,0.0,2.971493546835288e-05,1.825450429893576e-05,1.825450429893576e-05,1.3302539968841823e-05,3.114003674524336e-05,0.0
2005-05-03,2005-05-03,speech,{'unknown'},2.9321247101573426e-06,1.1995055632461855e-06,6.530641399895899e-06,-1.0662271673299427e-06,0.0,9.596044505969484e-06,1.1480457130929395e-05,1.381338424844446e-05,5.4871478678847094e-06,2.6091948024839534e-05,0.0
2005-06-30,2005-06-30,speech,{'unknown'},5.239667520972753e-06,9.703088001801393e-08,4.269358720792613e-06,-1.7465558403242508e-06,0.0,7.859501281459129e-06,1.0002200484106503e-05,1.111355609345167e-06,7.615518765676719e-06,2.1115756577558175e-05,0.0
2005-08-09,2005-08-09,speech,{'unknown'},-3.093598149540168e-05,0.0,-0.00010827593523390587,0.0,0.0,-0.00013921191672930754,0.00019554165037152912,0.0,0.000342197888150176,0.0,0.0
2005-09-20,2005-09-20,speech,{'unknown'},8.232080013610333e-06,-1.6464160027220664e-06,1.6464160027220665e-05,0.0,0.0,2.304982403810893e-05,4.100915324300384e-05,4.6477040342071015e-05,4.100915324300384e-05,0.0,0.0
2005-11-01,2005-11-01,speech,{'unknown'},1.0659874009137681e-05,1.844978193889214e-06,1.2299854625928093e-05,-2.459970925185619e-06,2.0499757709880154e-07,2.2549733480868172e-05,1.3491628185256661e-05,1.078972386698908e-05,6.772770392698773e-06,3.47668880158537e-05,3.47668880158537e-05
2005-12-13,2005-12-13,speech,{'unknown'},0.0,1.9254635488410675e-07,1.540370839072854e-06,-2.8881953232616013e-06,0.0,-1.1552781293046404e-06,0.0,3.031313468125739e-06,2.222963209958875e-06,3.334444814938313e-05,0.0
2006-01-31,2006-01-31,speech,{'unknown'},-8.044054385812405e-06,2.413216315743722e-05,0.00010055067982265508,0.0,0.0,0.00011663878859427989,5.0581689428426914e-05,0.00025290844714213456,0.00018064889081581038,0.0,0.0
2006-03-28,2006-03-28,speech,{'unknown'},7.762955277967443e-06,9.026692183683074e-07,-3.6106768734732297e-07,-3.0690753424522454e-06,1.8053384367366148e-07,5.416015310209843e-06,9.472680129621511e-06,6.944077951441452e-06,3.8027093543607946e-07,3.1942758576630676e-05,3.1942758576630676e-05
2006-05-10,2006-05-10,speech,{'unknown'},1.4355039573124263e-06,1.1745032378010763e-06,7.960521945096183e-06,-2.3490064756021525e-06,0.0,8.221522664607532e-06,1.1320366368220645e-05,2.1050268040079712e-05,8.392590525783414e-06,2.5728105382319646e-05,0.0
2006-06-29,2006-06-29,speech,{'unknown'},6.012917295082705e-06,-1.1563302490543663e-07,1.1910201565259973e-05,-2.543926547919606e-06,0.0,1.5263559287517635e-05,8.570946337964281e-06,1.5823285547010982e-06,1.1697117784752138e-05,2.3734928320516473e-05,0.0
2006-08-08,2006-08-08,speech,{'unknown'},-6.544834156781002e-06,1.4544075903957783e-06,1.2362464518364117e-05,-1.4544075903957783e-06,7.272037951978891e-07,6.5448341567810036e-06,2.9112081513828238e-05,2.0216723273491833e-05,1.2612267730251786e-05,8.086689309396733e-05,8.086689309396733e-05
2006-09-20,2006-09-20,speech,{'unknown'},1.7416369634837214e-06,4.354092408709304e-06,3.9186831678383734e-05,-1.7416369634837214e-06,0.0,4.354092408709303e-05,3.039698461912578e-05,9.119095385737735e-05,5.4714572314426405e-05,9.119095385737735e-05,0.0
2006-10-25,2006-10-25,speech,{'unknown'},7.893430206595336e-06,4.857495511750975e-06,1.5483266943706232e-05,-1.5179673474221798e-06,0.0,2.6716225314630366e-05,1.8942760805387903e-05,4.015217674988205e-05,1.706467511869987e-05,3.226514203115522e-05,0.0
2006-12-12,2006-12-12,speech,{'unknown'},1.1256329304100895e-05,2.8617786366358205e-06,8.203765425022686e-06,-9.539262122119402e-07,1.9078524244238805e-07,2.155873239598985e-05,1.3465815657548331e-05,1.4183123029136862e-05,6.4978995917354575e-06,2.363853838189477e-05,3.309395373465268e-05
2007-01-31,2007-01-31,speech,{'unknown'},5.98798794535567e-06,2.281138264897398e-06,1.3686829589384388e-05,-6.273130228467844e-06,0.0,1.5682825571169614e-05,1.596070929392102e-05,1.4440641742119019e-05,1.0718826860129582e-05,3.97117647908273e-05,0.0
2007-03-21,2007-03-21,speech,{'unknown'},1.2313460513754765e-05,0.0,9.850768411003813e-06,-2.2388110025008666e-06,2.2388110025008667e-07,2.01492990225078e-05,1.648678089907512e-05,0.0,1.0014192842401184e-05,3.687043728338618e-05,3.687043728338618e-05
2007-05-09,2007-05-09,speech,{'unknown'},1.8832794925080468e-05,2.073335221109776e-06,1.157612165119625e-05,-3.6283366369421086e-06,0.0,2.8853915160444387e-05,1.4895651180473523e-05,5.816478471274352e-06,9.85033952797173e-06,3.102121851346321e-05,0.0
2007-06-28,2007-06-28,speech,{'unknown'},4.187498945194394e-06,1.7765147040218643e-06,-2.537878148602663e-07,-6.344695371506658e-07,0.0,5.075756297205327e-06,8.590848351481284e-06,1.606938300456141e-05,2.2956261435087726e-07,2.52518875785965e-05,0.0
2007-08-07,2007-08-07,speech,{'unknown'},2.3820304602418903e-05,-7.683969226586741e-07,6.147175381269393e-06,-3.0735876906346963e-06,7.683969226586741e-07,2.6893892293053594e-05,5.3074921243665256e-05,8.389261744966443e-05,2.7964205816554807e-05,8.389261744966443e-05,8.389261744966443e-05
2007-09-18,2007-09-18,speech,{'unknown'},4.221527313924359e-06,1.6886109255697435e-06,5.910138239494102e-06,-1.139812374759577e-05,0.0,4.221527313924349e-07,2.555205208530297e-05,5.621451458766653e-05,5.390432905666653e-06,5.621451458766653e-05,0.0
2007-10-31,2007-10-31,speech,{'unknown'},4.49714193204869e-06,1.4990473106828967e-06,-1.7296699738648805e-06,-8.071793211369444e-06,0.0,-3.8052739425027373e-06,5.1469867230178125e-06,1.0589777280691821e-05,1.5890145281479622e-06,2.234641151746819e-05,0.0
2007-12-11,2007-12-11,speech,{'unknown'},4.71145995906388e-06,2.3557299795319403e-07,7.06718993859582e-06,-5.182605954970268e-06,0.0,6.831616940642628e-06,8.47626434077973e-06,3.467562684864436e-06,1.0037681456186524e-05,3.814318953350879e-05,0.0
2008-01-30,2008-01-30,speech,{'unknown'},1.8281171747877594e-05,-6.770804351065775e-07,-2.0312413053197323e-05,-1.7604091312771017e-05,0.0,-2.0312413053197323e-05,5.6267231839750924e-05,8.567438592883885e-06,2.965651820613653e-05,7.710694733595497e-05,0.0
2008-03-18,2008-03-18,speech,{'unknown'},1.6092124836318445e-05,-8.77752263799188e-07,-8.046062418159222e-06,-7.899770374192693e-06,0.0,-7.314602198326556e-07,1.623852084199388e-05,6.938277087033748e-06,5.985964545676175e-06,2.7753108348134992e-05,0.0
2008-04-30,2008-04-30,speech,{'unknown'},1.1425280299320228e-05,2.0773236907854959e-07,7.893830024984884e-06,-1.1840745037477327e-05,0.0,7.686097655906333e-06,1.2775812367450946e-05,3.8972680151214e-06,9.946758665459095e-06,3.173489669455997e-05,0.0
2008-06-25,2008-06-25,speech,{'unknown'},8.39334596284222e-06,3.996831410877247e-07,4.556387808400062e-06,-6.874550026708865e-06,0.0,6.474866885621141e-06,9.060202456695468e-06,2.378441426360837e-06,3.609061631945489e-06,1.855184312561453e-05,0.0
2008-08-05,2008-08-05,speech,{'unknown'},9.900962555561177e-06,1.4668092674905447e-06,1.5034794991778083e-05,-2.200213901235817e-05,0.0,4.400427802471633e-06,1.9482642048303965e-05,1.4637752226768056e-05,1.7953140551634326e-05,5.12321327936882e-05,0.0
2008-09-16,2008-09-16,speech,{'unknown'},2.837187166915657e-06,0.0,1.7968852057132493e-05,-1.5131664890216838e-05,0.0,5.674374333831314e-06,4.129216962823283e-05,0.0,4.257254698104626e-05,9.634839579920994e-05,0.0
2008-10-29,2008-10-29,speech,{'unknown'},1.6091378282965496e-06,-2.4137067424448244e-06,-2.4137067424448244e-06,-4.1033014621562016e-05,0.0,-4.425129027815511e-05,9.611687812379853e-06,3.7073652990608006e-05,3.555007821017206e-06,8.650519031141868e-05,0.0
2008-12-16,2008-12-16,speech,{'unknown'},2.1907009741456537e-06,-4.3814019482913074e-07,4.819542143120438e-06,-2.124979944921284e-05,2.1907009741456537e-07,-1.4458626429361313e-05,1.2967208523086818e-05,7.261636772928618e-06,6.051363977440515e-06,3.6308183864643094e-05,3.6308183864643094e-05
2009-01-28,2009-01-28,speech,{'unknown'},-5.0247411594444994e-06,0.0,1.2561852898611246e-05,-4.0197929275555996e-05,0.0,-3.266081753638925e-05,9.240436148586214e-05,0.0,4.8633874466243225e-05,0.00018480872297172427,0.0
2009-03-18,2009-03-18,speech,{'unknown'},3.055166232103122e-06,6.110332464206243e-07,2.7496496088928094e-06,-6.415849087416556e-06,0.0,0.0,1.7446830783188234e-05,1.1340440009072351e-05,5.302023900345515e-06,4.5361760036289406e-05,0.0
2009-04-29,2009-04-29,speech,{'unknown'},0.0,-1.1386349844160669e-06,-3.7412292345099344e-06,-1.6103551922455806e-05,8.133107031543335e-07,-2.0170105438227473e-05,0.0,9.93275524697796e-06,2.820411983709791e-06,2.9798265740933878e-05,2.9798265740933878e-05
2009-06-24,2009-06-24,speech,{'unknown'},1.3587629638160093e-06,0.0,6.793814819080046e-06,-5.7747425962180406e-06,1.6984537047700117e-07,2.547680557155017e-06,1.5334600993682144e-05,0.0,7.96602649022449e-06,3.066920198736429e-05,3.066920198736429e-05
2009-08-12,2009-08-12,speech,{'unknown'},0.0,0.0,-2.265075504596032e-06,-9.060302018384128e-06,0.0,-1.132537752298016e-05,0.0,0.0,1.0145486273157073e-05,0.00017247326664367022,0.0
2009-09-23,2009-09-23,speech,{'unknown'},5.362138813814738e-07,-5.362138813814738e-07,1.0188063746248e-05,-1.126049150901095e-05,0.0,-1.0724277627629484e-06,3.882484945664623e-06,2.2000748025432864e-05,2.5592706886728024e-05,6.60022440762986e-05,0.0
2009-11-04,2009-11-04,speech,{'unknown'},-1.1198202365589668e-06,-4.4792809462358675e-07,8.510633797848148e-06,-1.2989914744084016e-05,2.2396404731179338e-07,-5.823065230106628e-06,3.759240212442183e-06,5.262936297419056e-06,7.864837388277915e-06,3.684055408193339e-05,3.684055408193339e-05
2009-12-16,2009-12-16,speech,{'unknown'},3.112380402947123e-07,0.0,3.1123804029471233e-06,-7.469712967073096e-06,3.112380402947123e-07,-3.734856483536548e-06,1.0205852035557189e-06,0.0,4.783993141667432e-06,4.592633416000735e-05,4.592633416000735e-05
2010-01-27,2010-01-27,speech,{'unknown'},-3.647665696364197e-06,1.2766829937274688e-05,6.383414968637344e-05,-2.188599417818518e-05,0.0,5.106731974909875e-05,9.329750709061053e-06,8.03793907242183e-05,5.49964252323599e-05,0.00014927601134497685,0.0
2010-03-16,2010-03-16,speech,{'unknown'},-7.599656819838698e-07,7.599656819838698e-07,2.2798970459516095e-06,-5.319759773887088e-06,0.0,-3.039862727935479e-06,1.18968306843057e-05,8.327781479013991e-05,9.993337774816788e-06,8.327781479013991e-05,0.0
2010-04-28,2010-04-28,speech,{'unknown'},5.502500602827691e-06,-3.4390628767673066e-07,8.597657191918269e-06,-4.470781739797499e-06,3.4390628767673066e-07,9.629376054948461e-06,1.6491955018192686e-05,2.8111286962828446e-06,1.1203773789533077e-05,2.8713671683460483e-05,3.092241565911129e-05
2010-06-23,2010-06-23,speech,{'unknown'},3.2669581983984752e-06,5.158355050102856e-07,1.1348381110226282e-05,-5.158355050102856e-06,3.438903366735237e-07,1.0316710100205713e-05,9.325519529601161e-06,8.4331253162422e-06,1.672800267648043e-05,3.0921459492888065e-05,3.0921459492888065e-05
2010-08-10,2010-08-10,speech,{'unknown'},-3.409428359186349e-06,-2.727542687349079e-06,1.2955827764908125e-05,-8.182628062047237e-06,0.0,-1.3637713436745388e-06,5.533666828987561e-05,2.582377853527528e-05,1.549426712116517e-05,5.164755707055056e-05,0.0
2010-09-21,2010-09-21,speech,{'unknown'},5.455486975806838e-06,-7.793552822581198e-06,4.676131693548719e-06,-1.5587105645162395e-06,1.5587105645162395e-06,2.338065846774359e-06,2.3712737127371277e-05,5.2930216802168025e-05,7.259001161440186e-06,1.6937669376693767e-05,8.468834688346883e-05
2010-11-03,2010-11-03,speech,{'unknown'},5.599198633872627e-06,-3.421732498477716e-06,9.331997723121044e-06,-2.7995993169363135e-06,3.1106659077070147e-07,9.020931132350341e-06,1.1167167534810543e-05,2.4047815802475614e-05,1.2752629592221916e-05,4.5909466531998895e-05,4.5909466531998895e-05
2010-12-14,2010-12-14,speech,{'unknown'},4.276998003795642e-06,-2.5661988022773853e-06,3.1649785228087753e-05,-8.98169580797085e-06,4.276998003795642e-07,2.4806588422014726e-05,2.3652739933393887e-05,1.8922191946715107e-05,2.4422829140527637e-05,5.676657584014532e-05,5.676657584014532e-05
2011-01-26,2011-01-26,speech,{'unknown'},4.31105681292873e-06,-1.724422725171492e-05,3.0177397690501105e-05,-7.544349422625276e-06,1.0777642032321825e-06,1.0777642032321822e-05,1.1065190570244596e-05,4.94679107846229e-05,2.8856281291030026e-05,0.00010511931041732366,0.00010511931041732366
2011-03-15,2011-03-15,speech,{'unknown'},1.3669896611678312e-06,-1.7087370764597893e-06,2.323882423985313e-05,-5.809706059963283e-06,0.0,1.708737076459789e-05,7.520097460463088e-06,1.2863324603423702e-05,2.215922051683123e-05,4.373530365164059e-05,0.0
2011-04-27,2011-04-27,speech,{'unknown'},7.292684445678623e-06,-1.7679235019826966e-06,6.850703570182949e-06,-9.281598385409158e-06,0.0,3.093866128469718e-06,1.2697142373442195e-05,1.6245502026626377e-05,9.064990130857518e-06,3.655237955990935e-05,0.0
2011-06-22,2011-06-22,speech,{'unknown'},3.008344293200444e-06,-3.760430366500555e-07,1.8050065759202664e-05,-4.387168760917314e-06,0.0,1.6295198254835738e-05,1.036400098803476e-05,2.423838940750065e-06,1.3259824793515061e-05,2.5046335721084007e-05,0.0
2011-08-09,2011-08-09,speech,{'unknown'},-5.488215946591149e-06,1.0976431893182298e-05,7.683502325227609e-05,-5.488215946591149e-06,0.0,7.683502325227609e-05,4.444839541292559e-05,0.00015556938394523958,0.00012811596324902082,0.00031113876789047915,0.0
2011-09-21,2011-09-21,speech,{'unknown'},5.915350733084048e-07,2.9576753665420243e-06,2.7802148445495028e-05,-1.4788376832710121e-05,5.915350733084048e-07,1.715451712594374e-05,3.0637911965023757e-06,2.0725646329280778e-05,3.639514597163812e-05,5.338424054511716e-05,7.046719751955464e-05
2011-11-02,2011-11-02,speech,{'unknown'},2.46807527289598e-06,-2.46807527289598e-06,1.6453835152639868e-05,-2.8794211517119766e-06,0.0,1.357441400092789e-05,8.362369337979094e-06,4.181184668989547e-06,1.1614401858304297e-05,3.484320557491289e-05,0.0
2011-12-13,2011-12-13,speech,{'unknown'},3.3483454144158525e-06,2.092715884009908e-06,1.297483848086143e-05,-1.6323183895277284e-05,0.0,2.0927158840099055e-06,5.595344673231871e-05,3.108524818462151e-05,1.365792794253449e-05,5.595344673231871e-05,0.0
2012-01-25,2012-01-25,speech,{'unknown'},2.464981135144304e-06,1.9719849081154428e-06,6.4089509513751895e-06,-1.2817901902750379e-05,4.929962270288607e-07,-1.4789886810865831e-06,3.467021689687691e-05,1.7830397261250978e-05,8.723473928891609e-06,6.240639041437844e-05,6.240639041437844e-05
2012-03-13,2012-03-13,speech,{'unknown'},1.711082288782611e-05,-1.9012025430917903e-06,3.8024050861835807e-06,-5.703607629275371e-06,0.0,1.3308417801642533e-05,7.269555103227682e-05,1.70520428347316e-05,6.975835705117473e-06,0.0001534683855125844,0.0
2012-04-25,2012-04-25,speech,{'unknown'},-2.4649105578787865e-07,9.859642231515146e-07,-6.162276394696965e-06,-7.641222729424238e-06,0.0,-1.3064025956757567e-05,1.3104270681815202e-05,1.2096249860137112e-06,7.738742528631025e-06,3.931281204544561e-05,0.0
2012-06-20,2012-06-20,speech,{'unknown'},-1.3459318367385517e-06,-6.729659183692759e-07,3.701312551031017e-06,-1.3795801326570157e-05,0.0,-1.2113386530646966e-05,5.348823526265398e-06,2.674411763132699e-06,5.574037148423941e-06,4.813941173638858e-05,0.0
2012-08-01,2012-08-01,speech,{'unknown'},1.4762673099208155e-06,0.0,2.657281157857468e-05,-7.381336549604078e-06,0.0,2.0667742338891418e-05,4.3217079389774834e-05,0.0,7.77907429015947e-05,0.0001296512381693245,0.0
2012-09-13,2012-09-13,speech,{'unknown'},4.264386202111137e-06,5.685848269481518e-06,3.2693627549518725e-05,-1.705754480844455e-05,1.4214620673703796e-06,2.7007779280037205e-05,5.418096442116669e-05,3.1605562579013905e-05,5.701395602488783e-05,0.00012642225031605562,0.00012642225031605562
2012-10-24,2012-10-24,speech,{'unknown'},-6.120741296715493e-07,-1.2241482593430986e-06,1.1323371398923665e-05,-1.3159593787938312e-05,3.0603706483577466e-07,-3.3664077131935208e-06,4.541326067211626e-06,1.2975217334890358e-05,1.1127752615021865e-05,4.541326067211626e-05,4.541326067211626e-05
2012-12-12,2012-12-12,speech,{'unknown'},2.4251086164785522e-06,-8.083695388261841e-07,4.04184769413092e-06,-5.254402002370196e-06,2.0209238470654602e-07,6.062771541196387e-07,5.90359430499936e-06,3.130693949620873e-06,4.8503709078633246e-06,3.4437633445829606e-05,3.4437633445829606e-05
2013-01-30,2013-01-30,speech,{'unknown'},6.866338414317757e-06,0.0,9.61287378004486e-06,-1.922574756008972e-05,0.0,-2.746535365727104e-06,0.00012354830738818879,0.0,6.652601167056319e-05,0.00012354830738818879,0.0
2013-03-20,2013-03-20,speech,{'unknown'},-5.967934580251927e-07,3.3818295954760925e-06,2.188242679425707e-06,-3.8791574771637525e-06,9.946557633753213e-07,2.088777103088175e-06,2.1467519642780476e-06,7.298956678545361e-06,2.3151246673586785e-06,2.1467519642780472e-05,2.1467519642780472e-05
2013-05-01,2013-05-01,speech,{'unknown'},1.0576354185919924e-06,1.9037437534655864e-06,7.6149750138623454e-06,-3.595960423212774e-06,0.0,6.98039376270715e-06,8.452685249049918e-06,5.809300043892489e-06,6.2041068429919786e-06,3.5501278046009656e-05,0.0
2013-06-19,2013-06-19,speech,{'unknown'},-5.081275112140085e-07,1.016255022428017e-06,6.859721401389114e-06,-1.2449124024743208e-05,0.0,-5.081275112140086e-06,3.646720322078339e-06,7.293440644156678e-06,1.0940160966235016e-05,4.011392354286173e-05,0.0
2013-07-31,2013-07-31,speech,{'unknown'},3.752345561601809e-06,-4.690431952002261e-07,5.628518342402714e-06,-5.1594751472024875e-06,9.380863904004522e-07,4.690431952002261e-06,7.546030787805614e-06,2.6247063609758656e-06,6.9655668810513364e-06,6.036824630244491e-05,6.036824630244491e-05
2013-10-30,2013-10-30,speech,{'unknown'},2.428807203020593e-06,2.6986746700228814e-07,6.206951741052626e-06,-8.63575894407322e-06,1.0794698680091526e-06,1.349337335011441e-06,1.2960194921331616e-05,3.2123560061420248e-06,1.5245943584705798e-05,4.176062807984632e-05,4.176062807984632e-05
2013-12-18,2013-12-18,speech,{'unknown'},1.975791548165823e-06,8.78129576962588e-07,1.3611008442920112e-05,-4.1711154905722926e-06,2.19532394240647e-07,1.2513346471716877e-05,1.2130475393330664e-05,8.086983595553775e-06,1.8195713089996e-05,3.6391426179992e-05,3.6391426179992e-05
2014-01-29,2014-01-29,speech,{'unknown'},-2.329255456766433e-06,-9.317021827065733e-06,1.39755327405986e-05,-1.6304788197365034e-05,6.9877663702993e-06,-6.987766370299302e-06,2.510229183924492e-05,5.857201429157148e-05,4.054985604801103e-05,0.00017571604287471446,0.00017571604287471446
2014-03-19,2014-03-19,speech,{'unknown'},5.156938706849398e-06,1.2892346767123495e-06,-7.735408060274096e-06,-6.446173383561748e-06,0.0,-7.735408060274096e-06,0.00011845534233593936,1.692219176227705e-05,4.4420753375977256e-05,0.00011845534233593936,0.0
2014-04-30,2014-04-30,speech,{'unknown'},4.756016870236894e-07,-7.134025305355341e-07,1.664605904582913e-06,-2.1402075916066026e-06,4.756016870236894e-07,-2.3780084351184492e-07,2.0201734520925964e-06,1.3547045502268002e-06,2.0201734520925964e-06,3.8383295589759336e-05,3.8383295589759336e-05
2014-06-18,2014-06-18,speech,{'unknown'},-7.513472325406184e-07,7.513472325406184e-07,3.0053889301624735e-06,-6.762125092865566e-06,7.513472325406184e-07,-3.005388930162474e-06,1.7354783846167194e-05,2.6032175769250796e-05,2.3139711794889594e-05,5.206435153850159e-05,5.206435153850159e-05
2014-07-30,2014-07-30,speech,{'unknown'},5.926382277155774e-06,1.975460759051925e-06,5.926382277155774e-06,-2.436401602830707e-05,0.0,-1.05357907149436e-05,4.541326067211626e-05,2.5229589262286808e-05,1.7466638720044714e-05,7.568876778686043e-05,0.0
2014-09-17,2014-09-17,speech,{'unknown'},1.4841925580740743e-06,1.6326118138814818e-05,-7.420962790370372e-06,-2.9683851161481486e-06,7.420962790370372e-07,8.163059069407407e-06,5.85480093676815e-06,2.4368630926007976e-05,1.2807377049180328e-05,8.19672131147541e-05,8.19672131147541e-05
2014-10-29,2014-10-29,speech,{'unknown'},6.395166983331889e-07,-6.395166983331889e-07,2.87782514249935e-05,-6.395166983331889e-06,0.0,2.2383084441661612e-05,6.748002591232995e-06,7.422802850356295e-05,3.3740012956164975e-05,7.422802850356295e-05,0.0
2014-12-17,2014-12-17,speech,{'unknown'},1.6948004349833618e-06,0.0,7.457121913926792e-06,-9.829842522903498e-06,0.0,-6.779201739933445e-07,4.861448711716091e-05,0.0,2.9708853238265006e-05,4.861448711716091e-05,0.0
2015-01-28,2015-01-28,speech,{'unknown'},0.0,0.0,0.0,0.0,0.0,0.0,0.0,0.0,0.0,0.0,0.0
2015-03-18,2015-03-18,speech,{'unknown'},7.354383112713924e-07,-3.677191556356962e-07,1.4708766225427847e-06,-1.2870170447249365e-05,3.677191556356962e-07,-1.0663855513435189e-05,8.554466286848363e-06,1.7108932573696725e-05,5.702977524565575e-06,5.132679772109018e-05,5.132679772109018e-05
2015-04-29,2015-04-29,speech,{'unknown'},7.556636047125004e-06,1.3696402835414071e-05,7.556636047125004e-06,-5.19518728239844e-06,9.445795058906255e-07,2.4559067153156266e-05,1.617239776012291e-05,2.4771102203005164e-05,1.0107748600076818e-05,6.0646491600460916e-05,6.0646491600460916e-05
2015-06-17,2015-06-17,speech,{'unknown'},-6.89798296066543e-07,2.5292604189106573e-06,1.8394621228441144e-06,-1.6095293574886e-06,0.0,2.0693948881996284e-06,2.2978715581713844e-06,9.174464961884269e-06,1.830824493502404e-06,3.753190211679928e-05,0.0
2015-07-29,2015-07-29,speech,{'unknown'},8.300907744532444e-07,7.0557715828525775e-06,9.130998518985688e-06,-2.1997405523010977e-05,0.0,-4.980544646719467e-06,2.776852160390981e-06,2.1956505454254265e-05,1.1313101394185477e-05,5.553704320781961e-05,0.0
2015-09-17,2015-09-17,speech,{'unknown'},-1.19570653234961e-05,-2.989266330874025e-06,-2.0924864316118176e-05,-2.989266330874025e-06,0.0,-3.886046230136232e-05,1.5962456302775872e-05,2.3056881326231813e-05,8.544608962074142e-05,0.00020751193193608634,0.0
2015-10-28,2015-10-28,speech,{'unknown'},9.229190181721936e-06,6.712138313979589e-06,-1.957707008244047e-06,-3.0763967272406454e-06,0.0,1.0907224760216834e-05,9.869102799864465e-06,1.973820559972893e-05,2.603154651558453e-06,4.276611213274601e-05,0.0
2015-12-16,2015-12-16,speech,{'unknown'},-2.857856961645516e-06,3.1586840102397808e-06,4.512405728913972e-06,-7.069435641965224e-06,1.5041352429713244e-07,-2.1057893401598547e-06,4.441123211483716e-06,1.6969765534406197e-05,3.421323696452863e-06,2.8282942557343666e-05,2.8282942557343666e-05
2016-01-27,2016-01-27,speech,{'unknown'},2.3793873198475427e-05,5.948468299618857e-06,2.9742341498094286e-05,-1.1896936599237714e-05,0.0,4.7587746396950855e-05,0.0001313197636244255,0.00032829940906106366,0.0001492270041186653,0.00032829940906106366,0.0
2016-03-16,2016-03-16,speech,{'unknown'},1.0008828770026424e-05,1.4679615529372087e-05,1.3345105026701898e-05,-2.1352168042723035e-05,1.3345105026701897e-06,1.801589178604756e-05,1.2586680271469519e-05,4.940889000682741e-05,1.8624193572418314e-05,7.635919364691509e-05,7.635919364691509e-05
2016-04-27,2016-04-27,speech,{'unknown'},-2.1798849370637246e-05,1.0061007401832576e-05,-1.676834566972096e-05,-3.353669133944192e-06,1.676834566972096e-06,-3.0183022205497724e-05,5.560189046427578e-05,7.057163020465773e-05,2.6137640816539898e-05,0.00014114326040931546,0.00014114326040931546
2016-06-15,2016-06-15,speech,{'unknown'},-1.2170217682850411e-06,8.519152377995287e-06,-1.6226956910467214e-06,-6.085108841425205e-06,0.0,-4.0567392276168066e-07,2.0296491142611264e-06,1.3865193346819985e-05,1.4051416944884722e-06,5.480052608505042e-05,0.0
2016-07-27,2016-07-27,speech,{'unknown'},6.019860724502278e-06,1.4447665738805465e-05,-1.08357493041041e-05,-7.223832869402733e-06,0.0,2.4079442898009098e-06,3.7724460540214275e-05,6.173093542944154e-05,2.4842937428921594e-05,0.00011317338162064282,0.0
2016-09-21,2016-09-21,speech,{'unknown'},3.1548705465955486e-06,1.998084679510514e-05,-3.1548705465955486e-06,-9.464611639786646e-06,-1.0516235155318495e-06,9.464611639786646e-06,8.384806730204869e-06,5.038050539601729e-05,2.954646181119811e-06,7.159334977328773e-05,0.00010341261633919338
2016-11-02,2016-11-02,speech,{'unknown'},0.0,2.3640340471749446e-06,1.5760226981166297e-06,-7.880113490583148e-06,1.970028372645787e-07,-3.743053908026996e-06,0.0,9.233724022456416e-06,1.4562145411759224e-06,3.385698808234019e-05,3.385698808234019e-05
2016-12-14,2016-12-14,speech,{'unknown'},1.7067837514494022e-06,3.901220003312919e-06,9.265397507868183e-06,-7.314787506211722e-07,0.0,1.4141922512009332e-05,4.336551054215561e-06,9.461565936470316e-06,7.199516798746223e-06,3.9028959487940054e-05,0.0
2017-02-01,2017-02-01,speech,{'unknown'},1.1780043388943657e-05,1.1289208247737671e-05,1.1780043388943657e-05,-9.816702824119712e-07,0.0,3.386762474321301e-05,2.1333902237392996e-05,2.602089591075964e-05,1.022858326450349e-05,6.222388152572957e-05,0.0
2017-03-15,2017-03-15,speech,{'unknown'},5.213446587028752e-06,1.1585436860063893e-05,2.8963592150159732e-06,-1.1585436860063892e-06,1.737815529009584e-06,2.0274514505111813e-05,1.0178750162577259e-05,2.7595722662987237e-05,3.1646470943792705e-06,6.89893066574681e-05,6.89893066574681e-05
2017-05-03,2017-05-03,speech,{'unknown'},1.1161827047254578e-06,1.1161827047254578e-06,1.25570554281614e-05,-8.650415961622297e-06,2.7904567618136446e-07,6.418050552171381e-06,2.1351097446408747e-05,7.764035435057726e-06,2.315179241176852e-05,4.270219489281749e-05,4.270219489281749e-05
2017-06-14,2017-06-14,speech,{'unknown'},1.2272680509374429e-05,1.943174413984285e-05,9.715872069921424e-06,-1.5340850636718036e-06,1.0227233757812023e-06,4.0908935031248095e-05,2.740576982807447e-05,3.3749698029017635e-05,1.2525661124171494e-05,2.131559875516903e-05,6.39467962655071e-05
2017-07-26,2017-07-26,speech,{'unknown'},1.5291288743494824e-06,1.5291288743494824e-06,5.73423327881056e-06,-3.058257748698965e-06,2.6759755301115943e-06,8.410208808922153e-06,1.7557721007813185e-05,2.633658151171978e-05,1.0534632604687912e-05,5.267316302343956e-05,5.267316302343956e-05
2017-09-20,2017-09-20,speech,{'unknown'},-2.2370074273640178e-06,1.1185037136820089e-06,1.1185037136820089e-06,-5.592518568410044e-06,2.796259284205022e-06,-2.796259284205022e-06,4.525296406914653e-06,6.78794461037198e-06,1.3053739635330731e-06,6.787944610371979e-05,6.787944610371979e-05
2017-11-01,2017-11-01,speech,{'unknown'},-3.6205349362643844e-06,2.068877106436791e-06,8.275508425747165e-06,-5.172192766091978e-07,1.5516578298275932e-06,7.758289149137967e-06,5.798715004754946e-06,5.237549036552855e-06,9.840243644432636e-06,4.0591005033284626e-05,4.0591005033284626e-05
2017-12-13,2017-12-13,speech,{'unknown'},5.873704372928748e-07,1.762111311878624e-06,1.7033742681493366e-05,-5.873704372928748e-07,0.0,1.8795853993371992e-05,7.013606396409034e-05,1.912801744475191e-05,5.215245781945179e-05,7.013606396409034e-05,0.0
2018-01-31,2018-01-31,speech,{'unknown'},0.0,0.0,1.3048797010334076e-05,-2.6097594020668152e-05,0.0,-1.3048797010334076e-05,0.0,0.0,0.00034916201117318437,0.00034916201117318437,0.0
2018-03-21,2018-03-21,speech,{'unknown'},2.5302126345509274e-06,1.644638212458103e-05,8.855744220928245e-06,-2.5302126345509274e-06,1.2651063172754637e-06,2.6567232662784738e-05,6.8807497264901985e-06,5.632021072423459e-05,1.9042074824472876e-05,3.899091511677779e-05,0.00011697274535033338
2018-05-02,2018-05-02,speech,{'unknown'},1.0094293865711987e-05,1.0094293865711987e-05,2.321687589113757e-05,-1.7665014264995978e-05,0.0,2.5740449357565566e-05,3.5217467864060575e-05,3.0186401026337635e-05,3.9405491069516424e-05,5.9964877714481516e-05,0.0
2018-06-13,2018-06-13,speech,{'unknown'},6.591346751005856e-07,1.6478366877514638e-06,1.2523558826911127e-05,-5.273077400804684e-06,9.887020126508784e-07,1.054615480160937e-05,2.8066000005613198e-06,1.5904066669847478e-05,2.666270000533254e-05,4.771220000954244e-05,4.771220000954244e-05
2018-08-01,2018-08-01,speech,{'unknown'},-3.000900225052512e-06,7.002100525122528e-06,1.9005701425332576e-05,-7.002100525122528e-06,0.0,1.6004801200280065e-05,2.0004000800160035e-05,3.6849475158189534e-05,8.262522069631317e-05,0.00010002000400080016,0.0
2018-09-26,2018-09-26,speech,{'unknown'},5.8089290056460315e-05,1.0891741885586309e-05,1.996819345690823e-05,0.0,1.8152903142643848e-06,9.076451571321923e-05,8.818342151675484e-05,2.7901785714285713e-05,3.637566137566137e-05,0.0,0.00014880952380952382
2018-11-08,2018-11-08,speech,{'unknown'},1.9081399073085022e-05,5.630576775664432e-06,1.1261153551328864e-05,-2.815288387832216e-06,0.0,3.3157841012246106e-05,2.627037730721742e-05,1.3824247730519331e-05,1.7280309663149165e-05,4.608082576839777e-05,0.0
2018-12-19,2018-12-19,speech,{'unknown'},4.351247756122159e-06,4.0952920057620324e-06,5.1191150072025406e-06,-9.726318513684826e-06,0.0,3.839336255401907e-06,1.7572258159212927e-05,2.4807893871830017e-05,7.6061938757969395e-06,3.829718616463759e-05,0.0
2019-01-30,2019-01-30,speech,{'unknown'},4.5536923846997715e-05,2.504530811584874e-05,2.0491615731148974e-05,0.0,2.276846192349886e-06,9.335069388634532e-05,0.00012362161894872176,0.0001119866430476656,0.00010384215991692627,0.0,0.00017307026652821047
2019-03-20,2019-03-20,speech,{'unknown'},-1.6750610773051604e-06,1.4656784426420155e-06,0.0,-4.187652693262901e-07,1.2562958079788705e-06,6.281479039894354e-07,7.0521861777150925e-06,8.511259180000973e-06,0.0,3.5260930888575456e-05,3.5260930888575456e-05
2019-05-01,2019-05-01,speech,{'unknown'},7.145143954871186e-06,9.696981081610893e-06,1.1738450783002662e-05,-8.67624623091501e-06,0.0,1.990432958856973e-05,2.232142857142857e-05,2.817987660180351e-05,2.486163957108267e-05,6.377551020408164e-05,0.0
2019-06-19,2019-06-19,speech,{'unknown'},2.7854979587059336e-06,4.642496597843222e-06,1.624873809245128e-06,-4.410371767951062e-06,0.0,4.642496597843222e-06,3.7132642129829333e-06,1.0786148428188519e-05,1.7500704403352236e-06,3.775151949865982e-05,0.0
2019-07-31,2019-07-31,speech,{'unknown'},1.0317594140403607e-05,1.3959097954663704e-05,-4.24842111663678e-06,-1.092451144278029e-05,0.0,9.103759535650245e-06,1.7605889066328633e-05,3.1010594837140444e-05,7.695605809083013e-06,5.359439759897099e-05,0.0
2019-09-18,2019-09-18,speech,{'unknown'},3.756743642512078e-06,1.502697457004831e-06,1.502697457004831e-06,-6.76213855652174e-06,0.0,0.0,1.1150683648414485e-05,1.650301179965344e-05,8.25150589982672e-06,8.251505899826719e-05,0.0
2019-10-30,2019-10-30,speech,{'unknown'},1.8551761445835624e-06,1.8551761445835624e-06,8.116395632553086e-06,-1.8551761445835624e-06,2.318970180729453e-07,1.0203468795209593e-05,7.187238339604199e-06,1.2577667094307347e-05,1.715136421951002e-05,3.7733001282922044e-05,3.7733001282922044e-05
2019-12-11,2019-12-11,speech,{'unknown'},5.713131200292585e-06,1.0986790769793433e-05,4.3947163079173725e-07,-3.515773046333898e-06,0.0,1.3623620554543857e-05,4.15163031328841e-06,2.627430373095113e-05,4.346125429179886e-07,5.7803468208092484e-05,0.0
2020-01-29,2020-01-29,speech,{'unknown'},5.704833887522518e-07,1.7114501662567555e-06,6.27531727627477e-06,-1.7114501662567555e-06,5.704833887522518e-07,7.416284053779273e-06,4.0461913201103804e-06,2.2928417480625487e-05,2.1618222196018318e-05,6.878525244187646e-05,6.878525244187646e-05
2020-03-03,2020-03-03,speech,{'unknown'},0.0,3.617212535994192e-06,-9.86512509816598e-07,-6.576750065443986e-07,0.0,1.9730250196331955e-06,0.0,4.031223659618133e-05,3.176115610608226e-06,4.7641734159123394e-05,0.0
2020-04-29,2020-04-29,speech,{'unknown'},-2.396633132605536e-05,-7.189899397816609e-05,-4.793266265211072e-05,-2.396633132605536e-05,0.0,-0.00016776431928238754,0.0008312551953449709,0.0008312551953449709,0.00016625103906899418,0.0008312551953449709,0.0
2020-06-10,2020-06-10,speech,{'unknown'},7.543593755706769e-06,-3.7717968778533845e-06,-2.263078126712031e-05,0.0,0.0,-1.8858984389266923e-05,6.05766900896535e-05,3.4615251479801996e-05,6.05766900896535e-05,0.0,0.0
2020-07-29,2020-07-29,speech,{'unknown'},-8.225882317160497e-06,6.854901930967081e-06,2.741960772386832e-06,-1.5080784248127578e-05,0.0,-1.3709803861934161e-05,3.365756790414325e-05,2.4682216463038383e-05,4.570780826488589e-06,0.0001234110823151919,0.0
2020-09-16,2020-09-16,speech,{'unknown'},5.9196196028871355e-06,1.2684899149043862e-06,-8.033769461061114e-06,-3.805469744713159e-06,0.0,-4.65112968798275e-06,5.257919741610802e-06,2.77056660857712e-06,1.4662496344022292e-05,4.609215357905573e-05,0.0
2020-11-05,2020-11-05,speech,{'unknown'},6.697533145021355e-07,2.679013258008542e-06,6.027779830519219e-06,-4.911524306348994e-06,0.0,4.4650220966809045e-06,1.3975153109448276e-06,6.133539420257854e-06,6.171635938396102e-06,3.680123652154712e-05,0.0
2020-12-16,2020-12-16,speech,{'unknown'},1.4176144758420919e-06,2.480825332723661e-06,2.8352289516841837e-06,-4.252843427526276e-06,0.0,2.4808253327236597e-06,6.677350427350427e-06,2.062122926093514e-05,8.70958751393534e-06,5.0080128205128203e-05,0.0
2021-01-27,2021-01-27,speech,{'unknown'},1.9466964924022804e-05,7.6175080137480526e-06,-1.0156677351664072e-05,-2.539169337916018e-06,0.0,1.4388626248190768e-05,2.982581722739203e-05,3.834747929236118e-05,2.6843235504652828e-05,8.947745168217609e-05,0.0
2021-03-17,2021-03-17,speech,{'unknown'},3.387152400847051e-06,1.3240686657856651e-05,-2.77130650978395e-06,-9.853534257009601e-06,0.0,4.002998291910151e-06,6.87117790728907e-06,1.2489072061945797e-05,4.611199065463656e-06,4.5599635202918376e-05,0.0
2021-04-28,2021-04-28,speech,{'unknown'},1.3556952900155458e-05,6.2942995607864634e-06,9.683537785825329e-07,-5.32594578220393e-06,0.0,1.5493660457320526e-05,1.961905402526934e-05,2.4290257364619185e-05,1.622628528405735e-06,6.165988407941794e-05,0.0
2021-06-16,2021-06-16,speech,{'unknown'},1.3525256002156312e-05,6.296239863072766e-06,1.4924420416172483e-05,-2.0987466210242556e-06,2.3319406900269505e-07,3.288036372938e-05,1.505058814065553e-05,1.0999150621146478e-05,1.3470564711330008e-05,3.7885963250615644e-05,3.7885963250615644e-05
2021-07-28,2021-07-28,speech,{'unknown'},6.110328706497174e-06,4.58274652987288e-06,1.374823958961864e-05,0.0,0.0,2.4441314825988696e-05,8.820675663755844e-05,0.00013231013495633765,0.00013231013495633765,0.0,0.0
2021-09-22,2021-09-22,speech,{'unknown'},2.855963930171102e-05,1.1759851477175127e-05,6.719915129814357e-06,0.0,0.0,4.70394059087005e-05,3.3639896125277615e-05,2.6919384135765993e-05,1.3149560914245138e-05,0.0,0.0
2021-11-03,2021-11-03,speech,{'unknown'},1.8000690655593646e-05,6.207134708825396e-06,6.8278481797079345e-06,-4.138089805883597e-06,4.1380898058835965e-07,2.7311392718831738e-05,2.0155283719210485e-05,1.5900981408572536e-05,1.0590928901489599e-05,3.498215909885958e-05,3.498215909885958e-05
2021-12-15,2021-12-15,speech,{'unknown'},3.5049962655436006e-06,7.009992531087202e-07,2.8039970124348806e-06,-9.813989543522082e-06,0.0,-2.8039970124348815e-06,1.9119873961790844e-05,2.4855836150328096e-05,6.856782386297406e-06,4.971167230065619e-05,0.0
2022-01-26,2022-01-26,speech,{'unknown'},6.843878837876842e-05,2.138712136836513e-05,-2.994196991571118e-05,-2.138712136836513e-05,0.0,3.8496818463057235e-05,0.0002342263211828429,0.00010134792743488397,0.0001085018987832287,0.00026350461133069827,0.0
2022-03-16,2022-03-16,speech,{'unknown'},4.6294499954480357e-05,4.232639995838204e-05,5.290799994797755e-06,-6.613499993497194e-06,0.0,8.729819991416299e-05,6.694246964159002e-05,0.00010710795142654402,1.6066192713981605e-05,0.00012049644535486203,0.0
2022-05-04,2022-05-04,speech,{'unknown'},5.5356163032558004e-05,2.3577624995348777e-05,3.792922281860456e-05,-1.0251141302325556e-06,0.0,0.00011583789671627877,6.535757857433336e-05,6.680996920931853e-05,3.515599761319281e-05,0.00010166734444896299,0.0
2022-06-15,2022-06-15,speech,{'unknown'},1.1450941521912244e-05,1.5267922029216329e-06,1.5267922029216328e-05,-1.5267922029216329e-06,7.633961014608164e-07,2.7482259652589393e-05,2.1235991324389678e-05,3.093638242318496e-06,4.640457363477745e-05,8.35282325425994e-05,8.35282325425994e-05
2022-07-27,2022-07-27,speech,{'unknown'},2.9248866512605624e-05,1.6713638007203215e-05,3.4820079181673364e-06,-2.785606334533869e-06,2.089204750900402e-06,4.8748110854342715e-05,3.9283469516027656e-05,4.285469401748471e-05,5.693256451598211e-06,5.237795935470354e-05,7.856693903205531e-05
2022-09-21,2022-09-21,speech,{'unknown'},3.27679535549482e-05,1.3601792041676612e-05,1.1747002217811619e-05,-1.2365265492433284e-06,0.0,5.68802212651931e-05,3.403922989132494e-05,6.140894449189681e-05,2.3371354837439925e-05,7.257420712678714e-05,0.0
2022-11-02,2022-11-02,speech,{'unknown'},1.8039907184557836e-05,7.676556248748017e-06,1.1514834373122024e-06,-4.98976156168621e-06,3.838278124374008e-07,2.2262013121369247e-05,2.3199130476845788e-05,3.7725029802773546e-05,1.7411552216664714e-06,5.281504172388296e-05,5.281504172388296e-05
2022-12-14,2022-12-14,speech,{'unknown'},3.144740393727243e-05,1.4050967716653641e-05,-7.360030708723335e-06,-6.6909370079303055e-06,0.0,3.144740393727243e-05,3.0214044001933698e-05,4.5899632802937575e-05,1.1852017859913458e-05,7.649938800489595e-05,0.0
2023-02-01,2023-02-01,speech,{'unknown'},2.8614391938918682e-05,0.0,-1.609559546564176e-05,0.0,0.0,1.2518796473276924e-05,3.030727791395006e-05,0.0,2.6946591854943502e-05,0.0,0.0
2023-03-22,2023-03-22,speech,{'unknown'},1.4354406264395147e-05,4.376343373291204e-06,1.5754836143848332e-06,-2.4507522890430737e-06,0.0,1.7855480963028113e-05,1.1558685986023575e-05,2.1143937779311417e-05,2.7343422448585252e-06,2.4339021710407366e-05,0.0
2023-05-03,2023-05-03,speech,{'unknown'},6.082859130046222e-06,1.2165718260092444e-05,-1.7379597514417778e-06,-2.6069396271626666e-06,0.0,1.3903678011534224e-05,1.4858967174418801e-05,4.4576901523256405e-05,2.665728330294403e-06,5.7313159101329664e-05,0.0
2023-06-14,2023-06-14,speech,{'unknown'},9.931053937741865e-07,4.303456706354808e-06,-1.0262089068999927e-05,-1.6220721431645045e-05,0.0,-2.1186248400515977e-05,2.929821974250771e-06,2.488395463463655e-05,2.0893894736558316e-05,4.78537589127626e-05,0.0
2023-07-26,2023-07-26,speech,{'unknown'},3.6845646544280563e-07,2.2107387926568338e-06,4.789934050756473e-06,-1.5106715083155032e-05,0.0,-7.737585774298918e-06,1.2535459681574253e-06,2.202659344048047e-05,1.3100784333880541e-05,5.139538469445444e-05,0.0
2023-09-20,2023-09-20,speech,{'unknown'},1.0744954050658414e-05,1.841992122970014e-05,1.0744954050658414e-05,-1.5349934358083449e-06,0.0,3.837483589520862e-05,1.3499570906496186e-05,7.984031936127745e-05,1.9818518990388018e-05,0.0001330671989354624,0.0
2023-11-01,2023-11-01,speech,{'unknown'},3.5636170588664032e-06,5.5778353964865445e-06,3.873496803115656e-06,-5.5778353964865445e-06,0.0,7.437113861982059e-06,8.398651103601012e-06,1.9231693831434204e-05,7.9251485569097e-06,2.8847540747151304e-05,0.0
2023-12-13,2023-12-13,speech,{'unknown'},5.029136925858001e-06,3.017482155514801e-06,-7.795162235079902e-06,-7.543705388787003e-06,0.0,-7.2922485424941035e-06,1.0215141086421113e-05,1.8387253955558008e-05,9.148226350728243e-06,3.73491095972272e-05,0.0
2024-01-31,2024-01-31,speech,{'unknown'},5.570313922540699e-06,8.35547088381105e-06,-1.2533206325716574e-05,-2.7851569612703497e-06,1.3925784806351749e-06,1.5142866107791058e-21,1.3126718779740222e-05,2.8777806555584333e-05,3.401013502023603e-05,0.00012470382840753212,0.00012470382840753212
2024-03-20,2024-03-20,speech,{'unknown'},5.380477622104505e-06,8.70371380046317e-06,5.855225647584314e-06,-1.2659947346128247e-06,0.0,1.8673422335539166e-05,6.217086015213575e-06,1.98657795693099e-05,9.41308163940265e-06,2.9256875365710943e-05,0.0
2024-05-01,2024-05-01,speech,{'unknown'},2.5874357889780948e-05,1.1716690365183827e-05,1.4645862956479784e-06,-7.322931478239892e-07,0.0,3.832334140278876e-05,2.2748021029472424e-05,1.9130411216160097e-05,1.2876238318569296e-06,3.905792289966019e-05,0.0
2024-06-12,2024-06-12,speech,{'unknown'},2.7580693952276528e-06,1.3790346976138264e-06,6.4354952555311895e-06,-3.0645215502529476e-07,1.5322607751264738e-07,1.0419373270860022e-05,7.363137678402689e-06,1.0308392749763765e-05,1.1135609451905303e-05,4.772404050816558e-06,2.863442430489935e-05
2024-07-31,2024-07-31,speech,{'unknown'},1.1713192580394336e-05,3.2943354132359076e-06,4.758484485785199e-06,-3.2943354132359076e-06,1.830186340686615e-07,1.6654695700248197e-05,1.3939540726981899e-05,9.06614660563471e-06,6.073296276882511e-06,3.223518793114564e-05,3.223518793114564e-05
2024-09-18,2024-09-18,speech,{'unknown'},1.9335051602513773e-05,3.932552868307886e-06,9.831382170769716e-06,-1.966276434153943e-06,0.0,3.1132710207437435e-05,2.8911846310505388e-05,6.632516575764342e-06,1.5499902867275367e-05,4.753303545964445e-05,0.0
2024-11-07,2024-11-07,speech,{'unknown'},7.807587375530425e-06,7.807587375530425e-06,7.207003731258854e-06,-1.351313199611035e-06,0.0,2.1470865282708666e-05,1.3115786160222444e-05,1.3858189150423714e-05,9.039803384276393e-06,2.8249385575863725e-05,0.0
2024-12-18,2024-12-18,speech,{'unknown'},9.411919981060615e-06,1.1204666644119779e-05,1.52383466360029e-05,-4.481866657647912e-07,0.0,3.5406746595418504e-05,1.9521717911176184e-05,2.1219258599104547e-05,2.1183140712127348e-05,5.856515373352855e-05,0.0
2025-01-29,2025-01-29,speech,{'unknown'},2.3340874229271196e-05,7.502423859408598e-06,2.41744768803166e-05,-5.835218557317799e-06,0.0,4.91825564116786e-05,4.9601417183348104e-05,1.771479185119575e-05,3.951761259112898e-05,8.857395925597875e-05,0.0
2025-03-19,2025-03-19,speech,{'unknown'},8.335965505141324e-06,5.407112760091671e-06,7.660076410129866e-06,-1.5770745550267373e-06,0.0,1.9826080120336123e-05,1.0924228077805305e-05,1.399482191589112e-05,6.836550935923823e-06,2.3324703193151866e-05,0.0
2025-05-07,2025-05-07,speech,{'unknown'},2.3064818674100003e-05,9.185104781721239e-06,6.327516627407965e-06,-2.0411343959380533e-07,2.0411343959380533e-07,3.8577440083229204e-05,1.856565983833746e-05,2.1971948169639066e-05,7.024002602959416e-06,1.1555617185513878e-05,3.4666851556541634e-05
2025-06-18,2025-06-18,speech,{'unknown'},1.932677200368198e-05,9.504969837876384e-07,-3.1683232792921275e-07,-4.5940687549735845e-06,0.0,1.5366367904566822e-05,1.9843593447059895e-05,5.166605815531507e-06,2.957316460068539e-07,2.9277432954678535e-05,0.0
2025-07-30,2025-07-30,speech,{'unknown'},1.4753174453790604e-05,8.196208029883668e-07,1.6392416059767335e-06,-4.098104014941835e-06,0.0,1.311393284781387e-05,4.1379310344827587e-05,3.67816091954023e-06,2.6913372582001685e-06,5.5172413793103446e-05,0.0
2025-09-17,2025-09-17,speech,{'unknown'},1.9042508625263057e-05,3.7156114390757185e-06,-8.824577167804832e-06,-4.644514298844648e-07,0.0,1.3469091466649482e-05,3.36838092609115e-05,6.313011748514863e-06,1.8087279692173537e-05,5.997361161089121e-05,0.0
2025-10-29,2025-10-29,speech,{'unknown'},8.356578698624513e-06,0.0,-2.73986186840148e-07,-4.10979280260222e-06,1.36993093420074e-07,4.10979280260222e-06,1.4096061190770548e-05,0.0,3.2808076035997017e-07,2.6574541589157588e-05,2.6574541589157588e-05
2025-12-10,2025-12-10,speech,{'unknown'},5.561328441687772e-06,-5.031678113907985e-06,1.8537761472292576e-06,-3.972377458348409e-06,0.0,-1.588950983339364e-06,2.4743288383026105e-05,1.599056051964272e-05,3.4779722626743517e-06,4.123881397171017e-05,0.0
