date,meeting_date,doc_type,sharpe_positive,sharpe_negative,sharpe_net,sharpe_consensus
2011-04-27,2011-04-27,press_conferences,,,,
2011-06-22,2011-06-22,press_conferences,,,,
2011-11-02,2011-11-02,press_conferences,,,,
2012-01-25,2012-01-25,press_conferences,1.6222214115322648,0.08247860988423239,1.3308778370812167,0.673092758403989
2012-04-25,2012-04-25,press_conferences,0.4530619626447096,1.8916247711449434,0.09975093361076329,-0.42837919135918434
2012-06-20,2012-06-20,press_conferences,-1.2595952729429731,-0.75,-1.000760544395109,-0.253556095892207
2012-09-13,2012-09-13,press_conferences,1.4961746829660043,-2.2477650127287663,1.9594329159314383,2.232749897994598
2012-12-12,2012-12-12,press_conferences,1.6401114470583849,-0.27264383161388434,1.5282729743397991,0.8973137970935167
2013-03-20,2013-03-20,press_conferences,0.14029621015860363,6.578172897198048,-1.212659345345381,-2.8675139642378342
2013-06-19,2013-06-19,press_conferences,0.6233929217972648,-1.2741826201799908,1.1286618987616701,1.614328700425945
2013-09-18,2013-09-18,press_conferences,0.4693854076196354,-0.5592327894010801,0.6461473583144876,0.7137558109257458
2013-12-18,2013-12-18,press_conferences,0.32695486543648483,0.24622486049634346,0.13996703386979772,-0.12039158269822273
2014-03-19,2014-03-19,press_conferences,-1.1640566456139323,-0.8768222193244624,-0.5011123484270792,0.672115025216022
2014-06-18,2014-06-18,press_conferences,-1.7942932051837028,-0.8193464903987028,-1.0845213039948272,0.34960120263846756
2014-09-17,2014-09-17,press_conferences,-1.4381893014455407,-0.8760229596018355,-0.8524390826582977,0.5783537132729203
2014-12-17,2014-12-17,press_conferences,-0.14645741691317224,-1.0360440328071114,0.366796295602538,1.2555326193845002
2015-03-18,2015-03-18,press_conferences,-1.2213806343825622,-0.8661049395704157,-0.6955723993261886,0.7039261954784102
2015-06-17,2015-06-17,press_conferences,0.09900787898923315,-0.5048701487169995,0.34875539585684745,0.5980464902926922
2015-09-17,2015-09-17,press_conferences,-1.0599313009524116,-0.5962493672825078,-0.7040400562011312,0.3248458934694825
2015-12-16,2015-12-16,press_conferences,-0.7715103909863191,1.4127641677388887,-1.4566514587253572,-2.07582771290021
2016-03-16,2016-03-16,press_conferences,-1.3252914134478668,0.6638727704071715,-1.5652713394631654,-1.6210084867895014
2016-06-15,2016-06-15,press_conferences,-1.6434499307434511,-0.23474494602506032,-1.3908626023030892,-0.6743135937597008
2016-09-21,2016-09-21,press_conferences,0.0377602855249841,-0.005095709348266935,0.03745795655408649,0.0013919158695179835
2016-12-14,2016-12-14,press_conferences,-0.9266469296793501,1.142447921515817,-1.386634923868986,-1.7882319273854077
2017-03-15,2017-03-15,press_conferences,-0.8345728307295658,-1.1935377825273885,-0.2178870709344754,1.2345552316647699
2017-06-14,2017-06-14,press_conferences,-1.2651754449758241,-0.9106037160700194,-0.74182296797414,0.6346330512996947
2017-09-20,2017-09-20,press_conferences,-1.6004479965939233,0.48550169064387566,-1.7335860700812595,-1.7524420917771188
2017-12-13,2017-12-13,press_conferences,-0.1756863558647742,0.3591787746614308,-0.324248804366914,-0.46246259076704166
2018-03-21,2018-03-21,press_conferences,-1.520762147160166,-0.7042147167923565,-1.103665162033949,0.055900226700051056
2018-06-13,2018-06-13,press_conferences,-0.8322603362270625,-0.21244141531745553,-0.6967790683545897,-0.23038739831839805
2018-09-26,2018-09-26,press_conferences,1.6791063990399822,0.3935687155596037,1.4281107522871819,0.2613908416318384
2018-12-19,2018-12-19,press_conferences,-0.4093243708487065,-1.080305812019303,0.06357385022543652,1.1522644238832942
2019-01-30,2019-01-30,press_conferences,-0.07494946461217071,-0.3125423611142214,0.06260112114549457,0.29027968666251563
2019-03-20,2019-03-20,press_conferences,0.47992560309895105,-0.6786428769887392,0.7579123056032457,0.8901826858923582
2019-05-01,2019-05-01,press_conferences,-0.20108190419221517,-0.664271995852495,0.09356648556567754,0.662630774415258
2019-06-19,2019-06-19,press_conferences,0.4840213016919899,-0.9024683982821495,0.8583769693433052,1.13769991360146
2019-07-31,2019-07-31,press_conferences,0.07345414583627832,-0.37514832883819055,0.23352303000401692,0.41952952743188276
2019-09-18,2019-09-18,press_conferences,-0.33560121298788853,0.6526061272628191,-0.6049972542424299,-0.8580836873898415
2019-10-30,2019-10-30,press_conferences,-0.38978480417061245,-1.0336413652226495,0.07982698486730845,1.0939046920721294
2019-12-11,2019-12-11,press_conferences,-0.4438048424534506,-1.2640187940768377,0.13574142503756984,1.4281491964868482
2020-01-29,2020-01-29,press_conferences,0.40710674827491633,-0.5846913939276989,0.6529352914681286,0.7394325566561812
2020-03-03,2020-03-03,press_conferences,-2.890122131614801,-1.3485206305286037,-2.1461241189811515,0.7704132560738767
2020-03-15,2020-03-15,press_conferences,0.6588638288989598,-0.4103942286084889,0.8322903249802559,0.6358634845679167
2020-04-29,2020-04-29,press_conferences,0.30819518659180756,0.49787416042794513,0.08850658197225994,-0.3929421668717845
2020-06-10,2020-06-10,press_conferences,2.536825372795728,1.5318553924853617,1.8428732239581582,-0.3255102509348534
2020-07-29,2020-07-29,press_conferences,0.9914849141950512,-0.19094438496150284,1.09394676617998,0.5245741428231616
2020-09-16,2020-09-16,press_conferences,1.9983210083326106,0.20010092052454412,1.9494775797855095,0.46369772536032483
2020-11-05,2020-11-05,press_conferences,0.7948759760846343,0.4599581233316241,0.6229284909505285,-0.11533954690221031
2020-12-16,2020-12-16,press_conferences,1.2556570417959707,0.18994784885351834,1.206701123880225,0.28404456906006564
2021-01-27,2021-01-27,press_conferences,0.9087819833469384,0.5884270843036786,0.6940729936773082,-0.167821957042017
2021-03-17,2021-03-17,press_conferences,1.7321968920635131,0.17740125150091038,1.7086348186264293,0.4437032275019407
2021-04-28,2021-04-28,press_conferences,0.8421825266454788,-0.6386664261804174,1.1152128483128392,0.9317349923491343
2021-06-16,2021-06-16,press_conferences,1.0350814998185305,-0.9031454978343988,1.4084770313970498,1.22892904407693
2021-07-28,2021-07-28,press_conferences,0.6536469048734075,-1.024596505560033,1.0552826859176285,1.2786959334742891
2021-09-22,2021-09-22,press_conferences,0.6970002868401604,-0.5950973191757349,0.9301868790427997,0.8338744723639728
2021-11-03,2021-11-03,press_conferences,0.1659883189686369,-0.31268009624968945,0.28579674590308096,0.37895892867992775
2021-12-15,2021-12-15,press_conferences,-0.36186830544050014,-1.003271754358091,0.018871342554692225,1.022064091005949
2022-01-26,2022-01-26,press_conferences,-0.1991691598486563,-0.2920794778679052,-0.087927578853042,0.20685591590571845
2022-03-16,2022-03-16,press_conferences,0.1771122942004757,-0.14951229498900206,0.23555471085277954,0.21143772125840818
2022-05-04,2022-05-04,press_conferences,-0.0402378958395289,1.1213131413698274,-0.47154190745141067,-1.1008223499533958
2022-06-15,2022-06-15,press_conferences,0.014511402156004891,0.39652745116052873,-0.13921629727679927,-0.40686553188681507
2022-07-27,2022-07-27,press_conferences,-0.9733901080161773,3.65377388997031,-2.39497205399278,-3.8549046181674855
2022-09-21,2022-09-21,press_conferences,-0.13461171798322677,0.5638896099250792,-0.36117658625834936,-0.6365032802116668
2022-11-02,2022-11-02,press_conferences,-1.5172257768215507,-0.35342511528106946,-1.3199038009844362,-0.4834490831811943
2022-12-14,2022-12-14,press_conferences,-0.10874312064022255,0.04302544600557474,-0.1228866384481064,-0.11306348606319147
2023-02-01,2023-02-01,press_conferences,-0.4945010949689845,-0.3537817140424172,-0.33615393398957,0.14478218063022805
2023-03-22,2023-03-22,press_conferences,-1.7120473102667648,-0.8830362435889685,-1.3039765239908674,0.24266536619231704
2023-05-03,2023-05-03,press_conferences,-1.3342328033556927,0.7281467371688974,-1.5998970404666375,-1.7818081045707652
2023-06-14,2023-06-14,press_conferences,-1.2528066091638304,-0.7514853522591946,-0.9221513661656722,0.2792661581562477
2023-07-26,2023-07-26,press_conferences,0.5063536103780105,0.19645319275959836,0.4179864493057586,0.012673853479446195
2023-09-20,2023-09-20,press_conferences,-0.31638046193082664,0.05985481631609415,-0.3335920544071158,-0.23761971116662248
2023-11-01,2023-11-01,press_conferences,0.015465623463123385,0.3316931952828009,-0.11588970251749352,-0.3361967326625167
2023-12-13,2023-12-13,press_conferences,-0.15052158506229987,-0.7667701856170827,0.15570002751155348,0.7766050679398567
2024-01-31,2024-01-31,press_conferences,0.29590534754298464,-0.8958752075231202,0.6453654045780516,1.0494362777561972
2024-03-20,2024-03-20,press_conferences,-0.3225200059069188,-1.7105662272291622,0.36548501930546073,2.0439776402881353
2024-05-01,2024-05-01,press_conferences,0.07440499010467433,-0.17209895345710277,0.14245495227164728,0.18525398066622867
2024-06-12,2024-06-12,press_conferences,1.4925403291696178,-1.1282331509997279,1.9154650332956862,1.4497822711975115
2024-07-31,2024-07-31,press_conferences,0.6734377414469083,-0.8386563329386605,0.9867375973160576,1.0446319699026656
2024-09-18,2024-09-18,press_conferences,0.15865040978147066,-0.1455663010914911,0.2110821477287986,0.19364658216069913
2024-11-07,2024-11-07,press_conferences,-0.6953021752820988,-0.9706181483650097,-0.28399670048262676,0.8799114942099734
2024-12-18,2024-12-18,press_conferences,3.1905884052447253,-0.13256004607272484,3.1389077631472175,0.8670625495181101
2025-01-29,2025-01-29,press_conferences,0.8237829073646694,-0.6860488026616702,1.0575514298456739,0.921480627123746
2025-03-19,2025-03-19,press_conferences,-0.05154053772093768,0.015260315867153656,-0.055551201194832645,-0.04765216572006079
2025-05-07,2025-05-07,press_conferences,-0.37832929158190354,0.5747446701061069,-0.5820168270434736,-0.7754037622870265
2025-06-18,2025-06-18,press_conferences,0.720233441561918,-0.8344290438366634,1.0093600176556927,1.0451947359563911
2025-07-30,2025-07-30,press_conferences,-0.7700871641602739,-1.389053674101042,-0.21902715660811797,1.4741587974137194
2025-09-17,2025-09-17,press_conferences,-0.8180867489265632,-0.38576336955912843,-0.6432153467411184,0.03304646830357944
2025-10-29,2025-10-29,press_conferences,-0.03743655470800366,-1.0866392800545779,0.37606266016976814,1.1831570702652574
2025-12-10,2025-12-10,press_conferences,-0.8145421957693875,-0.3705299816143481,-0.6454906207854537,0.019370347145458416
