date,meeting_date,doc_type,speaker_types,sharpe_positive,sharpe_negative,sharpe_net,sharpe_consensus
1999-02-03,1999-02-03,speech,{'unknown'},0.009208543803691306,0.0023218572754595728,0.006886686528231733,1.5705100406457773e-06
1999-03-30,1999-03-30,speech,{'unknown'},0.011161934351716004,0.0030493944362935473,0.008112539915422457,1.642214557777825e-05
1999-05-18,1999-05-18,speech,{'unknown'},0.009751953788651036,0.0019367991845056064,0.00781515460414543,2.2718472686469273e-05
1999-06-30,1999-06-30,speech,{'unknown'},0.010587612493382742,0.0032645138521263453,0.007323098641256397,2.3321970195084067e-05
1999-08-24,1999-08-24,speech,{'unknown'},0.015311702515493984,0.0007291286912139992,0.014582573824279986,0.00033142213236999967
1999-10-05,1999-10-05,speech,{'unknown'},0.008598010907924286,0.002053256336220725,0.006544754571703561,1.9713116179830004e-05
1999-11-16,1999-11-16,speech,{'unknown'},0.008469228469892722,0.002258460925304726,0.006210767544587997,1.9228382490984513e-05
1999-12-21,1999-12-21,speech,{'unknown'},0.006949136183766046,0.0012547051442910915,0.005694431039474954,6.699330634676416e-05
2000-02-02,2000-02-02,speech,{'unknown'},0.006516699041293314,0.0033210100883514005,0.0031956889529419137,2.0354706706636392e-05
2000-03-21,2000-03-21,speech,{'unknown'},0.007237516110909151,0.0007601044317393172,0.006477411679169834,2.6766163963511707e-05
2000-05-16,2000-05-16,speech,{'unknown'},0.009439489616561422,0.0018444979710522317,0.00759499164550919,1.4605753164440752e-05
2000-06-28,2000-06-28,speech,{'unknown'},0.009648518263266712,0.0016621397008148538,0.007986378562451858,2.8625012768644657e-05
2000-08-22,2000-08-22,speech,{'unknown'},0.009143660981185159,0.0026375945138034113,0.0065060664673817475,9.710546966241416e-05
2000-10-03,2000-10-03,speech,{'unknown'},0.010837523842552453,0.0033813074388763654,0.007456216403676088,4.5464734168756636e-05
2000-11-15,2000-11-15,speech,{'unknown'},0.007881662993537783,0.0020544619177468157,0.005827201075790968,2.1906770961620177e-05
2000-12-19,2000-12-19,speech,{'unknown'},0.010717566602021026,0.0010207206287639074,0.00969684597325712,8.432039976745321e-05
2001-01-31,2001-01-31,speech,{'unknown'},0.007447248655357882,0.0004137360364087712,0.00703351261894911,0.00018509243734076607
2001-03-20,2001-03-20,speech,{'unknown'},0.008330781010719756,0.0011332312404287901,0.007197549770290965,2.3293041327802473e-05
2001-05-15,2001-05-15,speech,{'unknown'},0.008177473271265575,0.0011879437522446612,0.0069895295190209135,2.061808117705284e-05
2001-06-27,2001-06-27,speech,{'unknown'},0.008883087111563933,0.0020695364238410598,0.006813550687722873,1.9806833394543236e-05
2001-08-21,2001-08-21,speech,{'unknown'},0.006813417190775681,0.002882599580712788,0.003930817610062893,0.00010623831378548361
2001-10-02,2001-10-02,speech,{'unknown'},0.008581340149716999,0.0007303268212525105,0.007851013328464489,0.00015394143781302918
2001-11-06,2001-11-06,speech,{'unknown'},0.010502314654874594,0.002211013611552546,0.008291301043322048,4.506141871370678e-05
2001-12-11,2001-12-11,speech,{'unknown'},0.00713511045150979,0.003082367715052229,0.0040527427364575605,2.2641020874064584e-05
2002-01-30,2002-01-30,speech,{'unknown'},0.010435671020944318,0.0013865576880974968,0.009049113332846822,5.585872427683223e-05
2002-03-19,2002-03-19,speech,{'unknown'},0.009517335146159076,0.0027592274163234292,0.006758107729835646,2.2013380227477674e-05
2002-05-07,2002-05-07,speech,{'unknown'},0.008514596451058959,0.002218088151116199,0.006296508299942759,4.1976721999618396e-05
2002-06-26,2002-06-26,speech,{'unknown'},0.010615711252653927,0.0026981599433828734,0.007917551309271055,2.6304157173657987e-05
2002-08-13,2002-08-13,speech,{'unknown'},0.007895775759968417,0.00019739439399921041,0.007698381365969206,0.00018776539916998063
2002-09-24,2002-09-24,speech,{'unknown'},0.0,0.0,0.0,0.0
2002-11-06,2002-11-06,speech,{'unknown'},0.00845582424529793,0.0038196090827669776,0.004636215162530952,9.948959576246679e-06
2002-12-10,2002-12-10,speech,{'unknown'},0.008404333243378696,0.003932302710204711,0.004472030533173985,1.3975095416168702e-05
2003-01-29,2003-01-29,speech,{'unknown'},0.00714086988778633,0.0028748956691087824,0.004265974218677548,3.949976128405137e-05
2003-03-18,2003-03-18,speech,{'unknown'},0.008479311936635973,0.0025996744332952696,0.005879637503340703,1.2893941893291015e-05
2003-05-06,2003-05-06,speech,{'unknown'},0.00931098696461825,0.002286909079029044,0.007024077885589205,1.9786134888983677e-05
2003-06-25,2003-06-25,speech,{'unknown'},0.010158262789841737,0.001840264998159735,0.008317997791682002,2.5515330649331295e-05
2003-08-12,2003-08-12,speech,{'unknown'},0.008736514660136342,0.0013899000595671454,0.007346614600569197,4.801708889260913e-05
2003-09-16,2003-09-16,speech,{'unknown'},0.010561423012784881,0.0012506948304613673,0.009310728182323513,0.00010953797861557073
2003-10-28,2003-10-28,speech,{'unknown'},0.007746631116235497,0.0018375729624558622,0.005909058153779636,2.2214504337517425e-05
2003-12-09,2003-12-09,speech,{'unknown'},0.007230455798346183,0.002716414333080334,0.004514041465265849,1.8128680583396985e-05
2004-01-28,2004-01-28,speech,{'unknown'},0.007354293068578783,0.003088803088803089,0.004265489979775694,1.5019330914703149e-05
2004-03-16,2004-03-16,speech,{'unknown'},0.008268084609091972,0.004820614701414047,0.0034474699076779245,7.695245329638225e-06
2004-05-04,2004-05-04,speech,{'unknown'},0.008429171862731514,0.002170800424922636,0.006258371437808877,1.3634796160803655e-05
2004-06-30,2004-06-30,speech,{'unknown'},0.008465367801278649,0.0021226593889773332,0.006342708412301316,1.5137728907640373e-05
2004-08-10,2004-08-10,speech,{'unknown'},0.009111142022534428,0.004312143552649882,0.004798998469884546,2.4865277046033917e-05
2004-09-21,2004-09-21,speech,{'unknown'},0.007499318243796019,0.00109080992637033,0.006408508317425688,0.0001017223542448522
2004-11-10,2004-11-10,speech,{'unknown'},0.0070066740129322,0.0017464706738466017,0.005260203339085598,1.2494544748421848e-05
2004-12-14,2004-12-14,speech,{'unknown'},0.010964504738896116,0.0019822833426252867,0.008982221396270829,4.297713586732454e-05
2005-02-02,2005-02-02,speech,{'unknown'},0.00815919495943067,0.0052128190018584835,0.0029463759575721863,9.98771511041419e-06
2005-03-22,2005-03-22,speech,{'unknown'},0.009124030766356305,0.0027403232335814157,0.006383707532774889,1.675513788129892e-05
2005-05-03,2005-05-03,speech,{'unknown'},0.006783906486458279,0.0014350571413661744,0.005348849345092104,1.6980474111403508e-05
2005-06-30,2005-06-30,speech,{'unknown'},0.010093331644072808,0.001921533848557794,0.008171797795515013,1.4361683296159952e-05
2005-08-09,2005-08-09,speech,{'unknown'},0.006257332811888932,0.0007821666014861165,0.005475166210402816,0.00030417590057793423
2005-09-20,2005-09-20,speech,{'unknown'},0.009341885108756274,0.002091466815393196,0.007250418293363078,8.841973528491559e-05
2005-11-01,2005-11-01,speech,{'unknown'},0.007926850467614644,0.0026075166011890276,0.005319333866425616,1.7555557314936026e-05
2005-12-13,2005-12-13,speech,{'unknown'},0.009336445481827277,0.0021673891297099034,0.007169056352117373,2.077987348439818e-05
2006-01-31,2006-01-31,speech,{'unknown'},0.009104704097116844,0.0020232675771370764,0.0070814365199797676,0.00016094173909044925
2006-03-28,2006-03-28,speech,{'unknown'},0.009998083434485402,0.001277710343065227,0.008720373091420175,2.4703606491275282e-05
2006-05-10,2006-05-10,speech,{'unknown'},0.008979108778429556,0.0021868889574971698,0.006792219820932387,1.5650276085097666e-05
2006-06-29,2006-06-29,speech,{'unknown'},0.010467103389347764,0.001661444982436153,0.008805658406911611,1.723220823270374e-05
2006-08-08,2006-08-08,speech,{'unknown'},0.008814491347242439,0.0016173378618793467,0.007197153485363092,5.579188748343483e-05
2006-09-20,2006-09-20,speech,{'unknown'},0.006109793908444282,0.0013678643078606602,0.0047419296005836225,5.7828409763214905e-05
2006-10-25,2006-10-25,speech,{'unknown'},0.011744511699340501,0.0023489023398681,0.0093956093594724,3.0114132562411538e-05
2006-12-12,2006-12-12,speech,{'unknown'},0.008207300526193865,0.001555415825528676,0.0066518847006651885,2.2548761697170132e-05
2007-01-31,2007-01-31,speech,{'unknown'},0.009097604297534983,0.0016029112333752111,0.0074946930641597714,3.034288689943227e-05
2007-03-21,2007-03-21,speech,{'unknown'},0.008222107514195118,0.0025071897352702604,0.005714917778924858,1.9638892711081985e-05
2007-05-09,2007-05-09,speech,{'unknown'},0.009120238242958184,0.0030711006328328575,0.006049137610125326,1.5392207659351975e-05
2007-06-28,2007-06-28,speech,{'unknown'},0.008282619125779652,0.002070654781444913,0.006211964344334739,1.5151132547157899e-05
2007-08-07,2007-08-07,speech,{'unknown'},0.010906040268456376,0.0008389261744966443,0.010067114093959731,7.190795781399808e-05
2007-09-18,2007-09-18,speech,{'unknown'},0.006127382090055652,0.001798864466805329,0.004328517623250323,3.069870654787463e-05
2007-10-31,2007-10-31,speech,{'unknown'},0.009142236186246487,0.0030946587607190946,0.006047577425527391,1.1674859894840524e-05
2007-12-11,2007-12-11,speech,{'unknown'},0.009726513331044741,0.002593736888278598,0.0071327764427661445,2.2082899203610355e-05
2008-01-30,2008-01-30,speech,{'unknown'},0.005860127997532578,0.004240882103477523,0.0016192458940550544,1.2360655679809574e-05
2008-03-18,2008-03-18,speech,{'unknown'},0.007243561278863233,0.003358126110124334,0.0038854351687388987,1.0171296253243191e-05
2008-04-30,2008-04-30,speech,{'unknown'},0.010627849877236058,0.003051560855840056,0.007576289021396001,1.9426382106143594e-05
2008-06-25,2008-06-25,speech,{'unknown'},0.009331577092184108,0.0026714654100884923,0.006660111682095616,1.0293835675572823e-05
2008-08-05,2008-08-05,speech,{'unknown'},0.008965623238895435,0.0031763922332086686,0.005789231005686767,2.4427135045091844e-05
2008-09-16,2008-09-16,speech,{'unknown'},0.008767704017728105,0.0025050582907794583,0.006262645726948646,5.3526886555116634e-05
2008-10-29,2008-10-29,speech,{'unknown'},0.008737024221453287,0.003373702422145329,0.005363321799307958,3.830944142362827e-05
2008-12-16,2008-12-16,speech,{'unknown'},0.009657976907995061,0.003667126570328952,0.00599085033766611,1.6323842881924006e-05
2009-01-28,2009-01-28,speech,{'unknown'},0.006837922749953798,0.00258732212160414,0.004250600628349658,8.334511035979722e-05
2009-03-18,2009-03-18,speech,{'unknown'},0.00762077568609662,0.003311408482649127,0.004309367203447494,1.7881191715549767e-05
2009-04-29,2009-04-29,speech,{'unknown'},0.009356655442653237,0.0051253017074406266,0.004231353735212611,8.706489167104137e-06
2009-06-24,2009-06-24,speech,{'unknown'},0.009139422192234558,0.003588296632521622,0.005551125559712936,1.337620616798298e-05
2009-08-12,2009-08-12,speech,{'unknown'},0.011210762331838564,0.002414625733011383,0.008796136598827182,0.00011134350125097699
2009-09-23,2009-09-23,speech,{'unknown'},0.0075902580687743386,0.0022440762985941522,0.005346181770180186,3.588041456496769e-05
2009-11-04,2009-11-04,speech,{'unknown'},0.007736516357206013,0.003499852637783672,0.00423666371942234,1.3890700719417507e-05
2009-12-16,2009-12-16,speech,{'unknown'},0.01056305685680169,0.0030770643887204924,0.007485992468081197,2.520536184539124e-05
2010-01-27,2010-01-27,speech,{'unknown'},0.011643528884908196,0.0026869682042095834,0.008956560680698611,9.329750709061053e-05
2010-03-16,2010-03-16,speech,{'unknown'},0.00874417055296469,0.0033311125916055963,0.005413057961359094,3.7331434216269615e-05
2010-04-28,2010-04-28,speech,{'unknown'},0.009678716101301834,0.0036797674634342437,0.00599894863786759,1.3886455180249052e-05
2010-06-23,2010-06-23,speech,{'unknown'},0.010358688930117502,0.0029066171923314782,0.0074520717377860235,1.7370796591575812e-05
2010-08-10,2010-08-10,speech,{'unknown'},0.010458630306786489,0.0022466687325689494,0.00821196157421754,5.007293642815573e-05
2010-09-21,2010-09-21,speech,{'unknown'},0.008892276422764227,0.001609078590785908,0.0072831978319783195,5.873546638692194e-05
2010-11-03,2010-11-03,speech,{'unknown'},0.008630979708015792,0.0018822881278119548,0.006748691580203838,2.9470268909187067e-05
2010-12-14,2010-12-14,speech,{'unknown'},0.00874205267938238,0.003178928247048138,0.005563124432334241,2.649106872540115e-05
2011-01-26,2011-01-26,speech,{'unknown'},0.008094186902133923,0.002522863450015768,0.005571323452118154,5.516161833780351e-05
2011-03-15,2011-03-15,speech,{'unknown'},0.008994036562713853,0.002639554208622544,0.006354482354091309,2.669950568945928e-05
2011-04-27,2011-04-27,speech,{'unknown'},0.007675999707580964,0.0028876379852328386,0.0047883617223481246,1.6568725682865485e-05
2011-06-22,2011-06-22,speech,{'unknown'},0.009968441616991433,0.0033562089866252566,0.006612232630366178,1.2429008703695822e-05
2011-08-09,2011-08-09,speech,{'unknown'},0.007778469197261979,0.0043559427504667085,0.003422526446795271,8.775708837936591e-05
2011-09-21,2011-09-21,speech,{'unknown'},0.008103727714748784,0.0036642942710168416,0.004439433443731943,2.658343379480205e-05
2011-11-02,2011-11-02,speech,{'unknown'},0.008083623693379791,0.003554006968641115,0.004529616724738676,1.3561726720774479e-05
2011-12-13,2011-12-13,speech,{'unknown'},0.007609668755595345,0.004084601611459266,0.0035250671441360787,1.686634997194296e-05
2012-01-25,2012-01-25,speech,{'unknown'},0.008674488267598602,0.0031827259111333,0.0054917623564653024,2.8904012402448958e-05
2012-03-13,2012-03-13,speech,{'unknown'},0.010742786985880909,0.0019950890116635974,0.008747697974217311,0.0001053939514965941
2012-04-25,2012-04-25,speech,{'unknown'},0.007980500845225459,0.0045602861972716905,0.0034202146479537683,1.0721676012394257e-05
2012-06-20,2012-06-20,speech,{'unknown'},0.007654166466085784,0.002647667645501372,0.005006498820584413,2.339485430179632e-05
2012-08-01,2012-08-01,speech,{'unknown'},0.011409308958900558,0.0016854660962012187,0.009723842862699339,9.627567190791424e-05
2012-09-13,2012-09-13,speech,{'unknown'},0.011378002528445006,0.0018963337547408343,0.009481668773704172,9.030160736861116e-05
2012-10-24,2012-10-24,speech,{'unknown'},0.007584014532243415,0.0037693006357856496,0.0038147138964577656,1.5258855585831064e-05
2012-12-12,2012-12-12,speech,{'unknown'},0.007369653557407535,0.0022040085405330948,0.00516564501687444,1.85814568952318e-05
2013-01-30,2013-01-30,speech,{'unknown'},0.005189028910303929,0.003459352606869286,0.001729676303434643,2.4709661477637757e-05
2013-03-20,2013-03-20,speech,{'unknown'},0.007620969473187068,0.004057361212485509,0.0035636082607015587,6.550750479230807e-06
2013-05-01,2013-05-01,speech,{'unknown'},0.00923033229196251,0.0044731610337972166,0.004757171258165294,1.2324277870894545e-05
2013-06-19,2013-06-19,speech,{'unknown'},0.007942556861486622,0.0026876328773717357,0.005254923984114887,1.9829901826848627e-05
2013-07-31,2013-07-31,speech,{'unknown'},0.009055236945366738,0.0030787805614246907,0.005976456383942046,2.973361385045794e-05
2013-10-30,2013-10-30,speech,{'unknown'},0.008226843731729725,0.002881483337509396,0.005345360394220329,2.0095339827895973e-05
2013-12-18,2013-12-18,speech,{'unknown'},0.00767859092397831,0.002037919866079552,0.0056406710578987595,2.1126108831081493e-05
2014-01-29,2014-01-29,speech,{'unknown'},0.008082937972236866,0.0017571604287471446,0.0063257775434897206,0.00011296031327660216
2014-03-19,2014-03-19,speech,{'unknown'},0.008410329305851694,0.0017768301350390902,0.006633499170812604,7.713371128851865e-05
2014-04-30,2014-04-30,speech,{'unknown'},0.007599892526772348,0.0032241968295397844,0.004375695697232564,1.5516651408626115e-05
2014-06-18,2014-06-18,speech,{'unknown'},0.007184880512313219,0.002655281928463581,0.004529598583849638,2.3966130073278507e-05
2014-07-30,2014-07-30,speech,{'unknown'},0.006887677868604299,0.004541326067211626,0.002346351801392673,1.5538753651607107e-05
2014-09-17,2014-09-17,speech,{'unknown'},0.007049180327868852,0.005245901639344262,0.0018032786885245902,1.2021857923497268e-05
2014-10-29,2014-10-29,speech,{'unknown'},0.010243467933491686,0.002449524940617577,0.007793942992874109,4.5578613993415846e-05
2014-12-17,2014-12-17,speech,{'unknown'},0.007583859990277103,0.002236266407389402,0.0053475935828877,2.6473235558850006e-05
2015-01-28,2015-01-28,speech,{'unknown'},0.006955591225254147,0.0016051364365971107,0.005350454788657036,0.00033440342429106473
2015-03-18,2015-03-18,speech,{'unknown'},0.007801673253605708,0.003644202638197403,0.004157470615408305,1.8643365988378046e-05
2015-04-29,2015-04-29,speech,{'unknown'},0.006853053550852083,0.00533689126084056,0.0015161622900115228,7.543095970206581e-06
2015-06-17,2015-06-17,speech,{'unknown'},0.008594805584747034,0.0033028073862783366,0.005291998198468698,1.6694000626084223e-05
2015-07-29,2015-07-29,speech,{'unknown'},0.008275019437965122,0.0038320559813395535,0.004442963456625569,2.038056631479619e-05
2015-09-17,2015-09-17,speech,{'unknown'},0.007262917617763021,0.0006225357958082589,0.006640381821954763,0.00017474689005144112
2015-10-28,2015-10-28,speech,{'unknown'},0.007013642389770346,0.002138305606637301,0.0048753367831330455,2.2781947584733855e-05
2015-12-16,2015-12-16,speech,{'unknown'},0.007042452696778573,0.0022343524620301496,0.004808100234748423,1.4658842179111047e-05
2016-01-27,2016-01-27,speech,{'unknown'},0.004924491135915955,0.005252790544977019,-0.00032829940906106366,1.0590303518098828e-05
2016-03-16,2016-03-16,speech,{'unknown'},0.006032376298106292,0.002596212583995113,0.003436163714111179,3.040852844346176e-05
2016-04-27,2016-04-27,speech,{'unknown'},0.008327452364149612,0.0022582921665490474,0.006069160197600565,8.092213596800753e-05
2016-06-15,2016-06-15,speech,{'unknown'},0.008603682595352916,0.0021920210434020165,0.006411661551950899,3.2546505339852276e-05
2016-07-27,2016-07-27,speech,{'unknown'},0.006450882752376641,0.003961068356722499,0.002489814395654142,2.7063199952762415e-05
2016-09-21,2016-09-21,speech,{'unknown'},0.0077559462254395035,0.003516028955532575,0.004239917269906929,3.8898323577127785e-05
2016-11-02,2016-11-02,speech,{'unknown'},0.006737540628385699,0.0036226977248104007,0.003114842903575298,1.0179225175082673e-05
2016-12-14,2016-12-14,speech,{'unknown'},0.006517836234485989,0.0017172742174693624,0.004800562017016626,2.27514787536333e-05
2017-02-01,2017-02-01,speech,{'unknown'},0.009271358347333707,0.002240059734926265,0.007031298612407442,3.8007019526526714e-05
2017-03-15,2017-03-15,speech,{'unknown'},0.007864780958951363,0.001517764746464298,0.006347016212487065,4.666923685652254e-05
2017-05-03,2017-05-03,speech,{'unknown'},0.007899906055171236,0.002519429498676232,0.005380476556495004,2.2051133428258215e-05
2017-06-14,2017-06-14,speech,{'unknown'},0.01278935925310142,0.0028776058319478193,0.0099117534211536,4.045613641287184e-05
2017-07-26,2017-07-26,speech,{'unknown'},0.007058203845140901,0.0021069265209375824,0.004951277324203318,2.84556168057662e-05
2017-09-20,2017-09-20,speech,{'unknown'},0.008145533532446375,0.0027830572902525115,0.005362476242193864,3.33073058521358e-05
2017-11-01,2017-11-01,speech,{'unknown'},0.006859879850625102,0.0019077772365643773,0.004952102614060724,2.2926400991021868e-05
2017-12-13,2017-12-13,speech,{'unknown'},0.008907280123439472,0.0011923130873895357,0.007714967036049937,5.3576159972569e-05
2018-01-31,2018-01-31,speech,{'unknown'},0.012569832402234637,0.003840782122905028,0.008729050279329608,0.00018572447402828956
2018-03-21,2018-03-21,speech,{'unknown'},0.011580301789683004,0.0011697274535033338,0.01041057433617967,9.550985629522633e-05
2018-05-02,2018-05-02,speech,{'unknown'},0.00849445324881141,0.0020919175911251983,0.006402535657686213,3.833853687237253e-05
2018-06-13,2018-06-13,speech,{'unknown'},0.009637864401927572,0.0015267904003053582,0.008111074001622216,3.4662709408641946e-05
2018-08-01,2018-08-01,speech,{'unknown'},0.0077015403080616125,0.0023004600920184036,0.0054010802160432084,5.401080216043209e-05
2018-09-26,2018-09-26,speech,{'unknown'},0.005505952380952381,0.000744047619047619,0.004761904761904762,0.00011337868480725623
2018-11-08,2018-11-08,speech,{'unknown'},0.008801437721763974,0.0011059398184415465,0.007695497903322427,3.579301350382524e-05
2018-12-19,2018-12-19,speech,{'unknown'},0.007659437232927517,0.0024590824800451504,0.0052003547528823675,2.0718544832200667e-05
2019-01-30,2019-01-30,speech,{'unknown'},0.007268951194184839,0.0006922810661128419,0.006576670128071997,0.0001429710897406956
2019-03-20,2019-03-20,speech,{'unknown'},0.01033145275035261,0.0009167842031029619,0.009414668547249648,2.951306754623714e-05
2019-05-01,2019-05-01,speech,{'unknown'},0.011288265306122449,0.0008928571428571428,0.010395408163265306,5.442622075008013e-05
2019-06-19,2019-06-19,speech,{'unknown'},0.0069840311072520665,0.002340594208916909,0.004643436898335158,1.8799339669373107e-05
2019-07-31,2019-07-31,speech,{'unknown'},0.008646562812633986,0.0023581534943547234,0.006288409318279262,4.083382674207313e-05
2019-09-18,2019-09-18,speech,{'unknown'},0.009901807079792062,0.0012377258849740078,0.008664081194818055,6.417837922087448e-05
2019-10-30,2019-10-30,speech,{'unknown'},0.008188061278394084,0.001773451060297336,0.0064146102180967475,2.4297765977639194e-05
2019-12-11,2019-12-11,speech,{'unknown'},0.008786127167630059,0.0021387283236994218,0.006647398843930636,3.517142245465945e-05
2020-01-29,2020-01-29,speech,{'unknown'},0.009354794332095198,0.0013069197963956527,0.008047874535699545,5.192177119806159e-05
2020-03-03,2020-03-03,speech,{'unknown'},0.01010004764173416,0.0009528346831824678,0.009147212958551691,3.942764206272281e-05
2020-04-29,2020-04-29,speech,{'unknown'},0.013300083125519535,0.005818786367414797,0.007481296758104738,0.00032527377209151036
2020-06-10,2020-06-10,speech,{'unknown'},0.009934577174703174,0.003392294645020596,0.006542282529682578,0.00011895059144877414
2020-07-29,2020-07-29,speech,{'unknown'},0.009502653338269777,0.0035789213871405654,0.005923731951129212,5.588426368989822e-05
2020-09-16,2020-09-16,speech,{'unknown'},0.008731902428032224,0.0015773759224832404,0.007154526505548983,3.9095773254366026e-05
2020-11-05,2020-11-05,speech,{'unknown'},0.010193942516468553,0.0022448754278143745,0.007949067088654178,2.3517949966432485e-05
2020-12-16,2020-12-16,speech,{'unknown'},0.010516826923076924,0.001702724358974359,0.008814102564102564,3.612337116435477e-05
2021-01-27,2021-01-27,speech,{'unknown'},0.00572655690765927,0.0017000715819613457,0.004026485325697924,4.851187139395089e-05
2021-03-17,2021-03-17,speech,{'unknown'},0.009074327405380757,0.002553579571363429,0.006520747834017328,2.5571560133401287e-05
2021-04-28,2021-04-28,speech,{'unknown'},0.008139104698483167,0.0024047354790972995,0.0057343692193858676,3.353432292038519e-05
2021-06-16,2021-06-16,speech,{'unknown'},0.009774578518658837,0.001174464860769085,0.008600113657889753,2.9758178747023363e-05
2021-07-28,2021-07-28,speech,{'unknown'},0.009923260121725324,0.0018523418893887271,0.008070918232336598,9.068447452063592e-05
2021-09-22,2021-09-22,speech,{'unknown'},0.009239758135742918,0.0014946667572525308,0.0077450913784903866,4.9019565686648016e-05
2021-11-03,2021-11-03,speech,{'unknown'},0.009060379206604631,0.001259357727558945,0.007801021479045687,2.644414060693453e-05
2021-12-15,2021-12-15,speech,{'unknown'},0.009345794392523364,0.0027341419765360905,0.006611652415987274,2.7208446156326227e-05
2022-01-26,2022-01-26,speech,{'unknown'},0.007905138339920948,0.004216073781291172,0.003689064558629776,8.019705562238644e-05
2022-03-16,2022-03-16,speech,{'unknown'},0.00831425472948548,0.0010844680081937583,0.007229786721291722,9.268957334989388e-05
2022-05-04,2022-05-04,speech,{'unknown'},0.007930052867019113,0.0017283448556323709,0.0062017080113867425,6.528113696196571e-05
2022-06-15,2022-06-15,speech,{'unknown'},0.007684597393919144,0.0014199799532241897,0.006264617440694955,5.747355450178858e-05
2022-07-27,2022-07-27,speech,{'unknown'},0.009192331866750472,0.002278441231929604,0.0069138906348208675,4.7355415306992236e-05
2022-09-21,2022-09-21,speech,{'unknown'},0.009942666376369837,0.00203207779955004,0.007910588576819798,4.794296107163515e-05
2022-11-02,2022-11-02,speech,{'unknown'},0.007710996091686913,0.001478821168268723,0.006232174923418189,3.581709726102408e-05
2022-12-14,2022-12-14,speech,{'unknown'},0.008873929008567932,0.002294981640146879,0.006578947368421052,4.506128334534968e-05
2023-02-01,2023-02-01,speech,{'unknown'},0.009095971783924262,0.0010209764247261926,0.008074995359198069,7.408252623117494e-05
2023-03-22,2023-03-22,speech,{'unknown'},0.010545750406809364,0.0017524095631493302,0.008793340843660033,2.2374913088193467e-05
2023-05-03,2023-05-03,speech,{'unknown'},0.007966529115084824,0.001203576341127923,0.0067629527739569,4.226845483723063e-05
2023-06-14,2023-06-14,speech,{'unknown'},0.009140067952337657,0.0021055653921615543,0.0070345025601761015,2.993405344755788e-05
2023-07-26,2023-07-26,speech,{'unknown'},0.008840006167446164,0.0030837230816672663,0.005756283085778897,2.481156502490904e-05
2023-09-20,2023-09-20,speech,{'unknown'},0.00998003992015968,0.0005322687957418496,0.00944777112441783,0.0001195920395495928
2023-11-01,2023-11-01,speech,{'unknown'},0.008827347468628299,0.0015000721188518679,0.007327275349776431,2.0467249580381094e-05
2023-12-13,2023-12-13,speech,{'unknown'},0.008286522449304808,0.002191147763037329,0.006095374686267479,2.3176329605579768e-05
2024-01-31,2024-01-31,speech,{'unknown'},0.012220975183938146,0.0014964459408903852,0.01072452924304776,9.749572039134329e-05
2024-03-20,2024-03-20,speech,{'unknown'},0.010678759508484494,0.001960210649502633,0.008718548858981861,2.018182606245801e-05
2024-05-01,2024-05-01,speech,{'unknown'},0.00992071241651369,0.001406085224387767,0.008514627192125923,2.936078342112387e-05
2024-06-12,2024-06-12,speech,{'unknown'},0.008647596140079603,0.0007444950319273831,0.00790310110815222,2.40948204516836e-05
2024-07-31,2024-07-31,speech,{'unknown'},0.010895493520727226,0.0012249371413835342,0.009670556379343692,2.5719564838680032e-05
2024-09-18,2024-09-18,speech,{'unknown'},0.00960167316284818,0.0021865196311436448,0.007415153531704534,2.9899812627840865e-05
2024-11-07,2024-11-07,speech,{'unknown'},0.009322297240035029,0.0016667137489759598,0.00765558349105907,1.9680163216090154e-05
2024-12-18,2024-12-18,speech,{'unknown'},0.009780380673499268,0.0018155197657393851,0.007964860907759884,4.022657024121153e-05
2025-01-29,2025-01-29,speech,{'unknown'},0.010008857395925597,0.0019486271036315323,0.008060230292294066,5.970540957254863e-05
2025-03-19,2025-03-19,speech,{'unknown'},0.009189933058101835,0.0016094045203274788,0.007580528537774357,1.6372631831046127e-05
2025-05-07,2025-05-07,speech,{'unknown'},0.009464050474935867,0.0016640088747139985,0.007800041600221868,2.42991950162675e-05
2025-06-18,2025-06-18,speech,{'unknown'},0.007875629464808525,0.0017273685443260334,0.006148260920482492,1.8744697928300282e-05
2025-07-30,2025-07-30,speech,{'unknown'},0.010648275862068965,0.0017655172413793103,0.008882758620689655,3.947892720306513e-05
2025-09-17,2025-09-17,speech,{'unknown'},0.009775698692575267,0.0013194194554396067,0.00845627923713566,4.570961749803059e-05
2025-10-29,2025-10-29,speech,{'unknown'},0.008184958809460538,0.0017273452032952432,0.006457613606165293,1.731263701384797e-05
2025-12-10,2025-12-10,speech,{'unknown'},0.007752897026681513,0.0016083137448966967,0.0061445832817848154,2.706864881843531e-05
